Refs,Value,Footprint,Manufacturer,MPN,LCSC Part,DigiKey Part,Datasheet,Qty,DNP,Unit Price (USD),Total Cost (USD),Price Source
C1,0.1µF,Capacitor_SMD:C_0603_1608Metric,Samsung Electro-Mechanics,CL10B104KB8NNNC,C1591,,,1,,,,
C2,1.0µF,Capacitor_SMD:C_0603_1608Metric,Taiyo Yuden,UMK107BJ105KA-T,C92848,,https://www.lcsc.com/product-detail/C92848.html,1,,,,
C3,4.7µF,Capacitor_SMD:C_0603_1608Metric,Murata Electronics,GRM188R61C475KE11D,C77045,,https://www.lcsc.com/product-detail/C77045.html,1,,,,
C4,47nF,Capacitor_SMD:C_0603_1608Metric,Samsung Electro-Mechanics,0603X7R473J500NT,C49326646,,,1,,,,
C5,47nF,Capacitor_SMD:C_0603_1608Metric,Samsung Electro-Mechanics,0603X7R473J500NT,C49326646,,,1,,,,
C6,10µF,Capacitor_SMD:C_0603_1608Metric,Samsung Electro-Mechanics,TCC0603X5R106M160CT,C380317,,,1,,,,
C7,10µF,Capacitor_SMD:C_0603_1608Metric,Samsung Electro-Mechanics,TCC0603X5R106M160CT,C380317,,,1,,,,
C8,1.0µF,Capacitor_SMD:C_0603_1608Metric,Samsung Electro-Mechanics,CL10A105KA8NNNC,C5673,,https://www.lcsc.com/product-detail/C5673.html,1,,,,
C9,1.0µF,Capacitor_SMD:C_0603_1608Metric,Samsung Electro-Mechanics,CL10A105KA8NNNC,C5673,,https://www.lcsc.com/product-detail/C5673.html,1,,,,
C10,10µF,Capacitor_SMD:C_0603_1608Metric,Samsung Electro-Mechanics,TCC0603X5R106M160CT,C380317,,,1,,,,
C11,4.7µF,Capacitor_SMD:C_0603_1608Metric,Murata Electronics,GRM188R61C475KE11D,C77045,,https://www.lcsc.com/product-detail/C77045.html,1,,,,
C12,2.2µF,Capacitor_SMD:C_0603_1608Metric,Chinocera,HGC0603R5225K500NTHJ,C7432769,,https://www.lcsc.com/product-detail/C7432769.html,1,,,,
C13,100nF,Capacitor_SMD:C_0603_1608Metric,Samsung Electro-Mechanics,CC0603KRX7R9BB104,C14663,,,1,,,,
C14,8.2nF,Capacitor_SMD:C_0603_1608Metric,,0603B822K500NT,C1322360,,,1,,,,
C15,1µF,Capacitor_SMD:C_0603_1608Metric,Samsung Electro-Mechanics,CL10A105KA8NNNC,C5673,,https://www.lcsc.com/product-detail/C5673.html,1,,,,
C16,1nF,Capacitor_SMD:C_0603_1608Metric,Samsung Electro-Mechanics,CC0603KRX7R9BB102,C100040,,,1,,,,
C17,68pF,Capacitor_SMD:C_0603_1608Metric,Samsung Electro-Mechanics,0603CG680J500NT,C1680,,,1,,,,
C18,1µF,Capacitor_SMD:C_0603_1608Metric,Taiyo Yuden,UMK107BJ105KA-T,C92848,,https://www.lcsc.com/product-detail/C92848.html,1,,,,
C19,2.2µF,Capacitor_SMD:C_0603_1608Metric,Samsung Electro-Mechanics,CL10A225KO8NNNC,C23630,,,1,,,,
C20,10µF,Capacitor_SMD:C_0603_1608Metric,Samsung Electro-Mechanics,TCC0603X5R106M160CT,C380317,,,1,,,,
C21,100nF,Capacitor_SMD:C_0603_1608Metric,Samsung Electro-Mechanics,CL10B104KB8NNNC,C1591,,,1,,,,
C22,100nF,Capacitor_SMD:C_0603_1608Metric,Samsung Electro-Mechanics,CL10B104KB8NNNC,C1591,,,1,,,,
C23,100nF,Capacitor_SMD:C_0603_1608Metric,Samsung Electro-Mechanics,CL10B104KB8NNNC,C1591,,,1,,,,
C24,100nF,Capacitor_SMD:C_0603_1608Metric,Samsung Electro-Mechanics,CL10B104KB8NNNC,C1591,,,1,,,,
C25,100nF,Capacitor_SMD:C_0603_1608Metric,Taiyo Yuden,UMK107BJ105KA-T,C92848,,https://www.lcsc.com/product-detail/C92848.html,1,,,,
C26,100nF,Capacitor_SMD:C_0603_1608Metric,Samsung Electro-Mechanics,CL10B104KB8NNNC,C1591,,,1,,,,
C27,100nF,Capacitor_SMD:C_0603_1608Metric,Samsung Electro-Mechanics,CL10B104KB8NNNC,C1591,,,1,,,,
C28,15pF,Capacitor_SMD:C_0402_1005Metric,,0402CG270J500NT,C1557,,,1,,,,
C29,15pF,Capacitor_SMD:C_0402_1005Metric,,0402CG270J500NT,C1557,,,1,,,,
C30,100nF,Capacitor_SMD:C_0603_1608Metric,Samsung Electro-Mechanics,CL10B104KB8NNNC,C1591,,,1,,,,
C31,100nF,Capacitor_SMD:C_0603_1608Metric,Samsung Electro-Mechanics,CL10B104KB8NNNC,C1591,,,1,,,,
C32,2.2µF,Capacitor_SMD:C_0603_1608Metric,Samsung Electro-Mechanics,CL10A225KO8NNNC,C23630,,,1,,,,
C33,100nF,Capacitor_SMD:C_0603_1608Metric,Samsung Electro-Mechanics,CL10B104KB8NNNC,C1591,,,1,,,,
C34,100nF,Capacitor_SMD:C_0603_1608Metric,Samsung,CL10B104KB8NNNC,C1591,,,1,,,,
C35,20pF,Capacitor_SMD:C_0402_1005Metric,,0402CG200J500NT,C1554,,,1,,,,
C36,100nF,Capacitor_SMD:C_0603_1608Metric,Samsung Electro-Mechanics,CL10B104KB8NNNC,C1591,,,1,,,,
C37,100nF,Capacitor_SMD:C_0603_1608Metric,Samsung Electro-Mechanics,CL10B104KB8NNNC,C1591,,,1,,,,
C38,100nF,Capacitor_SMD:C_0603_1608Metric,Samsung Electro-Mechanics,CL10B104KB8NNNC,C1591,,,1,,,,
C39,100nF,Capacitor_SMD:C_0603_1608Metric,Samsung Electro-Mechanics,CL10B104KB8NNNC,C1591,,,1,,,,
C40,100nF,Capacitor_SMD:C_0603_1608Metric,Samsung Electro-Mechanics,CL10B104KB8NNNC,C1591,,,1,,,,
C41,100nF,Capacitor_SMD:C_0603_1608Metric,Samsung Electro-Mechanics,CL10B104KB8NNNC,C1591,,,1,,,,
C42,2.2µF,Capacitor_SMD:C_0603_1608Metric,Samsung Electro-Mechanics,CL10A225KO8NNNC,C23630,,,1,,,,
C43,100nF,Capacitor_SMD:C_0603_1608Metric,Samsung Electro-Mechanics,CL10B104KB8NNNC,C1591,,,1,,,,
C44,100nF,Capacitor_SMD:C_0603_1608Metric,Samsung Electro-Mechanics,CL10B104KB8NNNC,C1591,,,1,,,,
C45,100nF,Capacitor_SMD:C_0603_1608Metric,Samsung Electro-Mechanics,CL10B104KB8NNNC,C1591,,,1,,,,
C46,100nF,Capacitor_SMD:C_0603_1608Metric,Samsung Electro-Mechanics,CL10B104KB8NNNC,C1591,,,1,,,,
C47,100nF,Capacitor_SMD:C_0603_1608Metric,Samsung Electro-Mechanics,CL10B104KB8NNNC,C1591,,,1,,,,
C48,100nF,Capacitor_SMD:C_0603_1608Metric,Samsung Electro-Mechanics,CL10B104KB8NNNC,C1591,,,1,,,,
C49,100nF,Capacitor_SMD:C_0603_1608Metric,Samsung Electro-Mechanics,CL10B104KB8NNNC,C1591,,,1,,,,
C50,100nF,Capacitor_SMD:C_0603_1608Metric,Samsung Electro-Mechanics,CL10B104KB8NNNC,C1591,,,1,,,,
C51,100nF,Capacitor_SMD:C_0603_1608Metric,Samsung Electro-Mechanics,CL10B104KB8NNNC,C1591,,,1,,,,
C52,100nF,Capacitor_SMD:C_0603_1608Metric,Samsung Electro-Mechanics,CL10B104KB8NNNC,C1591,,,1,,,,
C53,100nF,Capacitor_SMD:C_0603_1608Metric,Samsung Electro-Mechanics,CL10B104KB8NNNC,C1591,,,1,,,,
C54,100nF,Capacitor_SMD:C_0603_1608Metric,Samsung Electro-Mechanics,CL10B104KB8NNNC,C1591,,,1,,,,
C55,100nF,Capacitor_SMD:C_0603_1608Metric,Samsung Electro-Mechanics,CL10B104KB8NNNC,C1591,,,1,,,,
C56,100nF,Capacitor_SMD:C_0603_1608Metric,Samsung Electro-Mechanics,CL10B104KB8NNNC,C1591,,,1,,,,
C57,100nF,Capacitor_SMD:C_0603_1608Metric,Samsung Electro-Mechanics,TCC0603X5R106M160CT,C380317,,,1,,,,
C58,100nF,Capacitor_SMD:C_0603_1608Metric,Samsung Electro-Mechanics,TCC0603X5R106M160CT,C380317,,,1,,,,
C59,100nF,Capacitor_SMD:C_0603_1608Metric,Samsung Electro-Mechanics,TCC0603X5R106M160CT,C380317,,,1,,,,
C60,1.8pF,Capacitor_SMD:C_0402_1005Metric,,C1005NPO189CGT,C258489,,,1,,,,
C61,10µF,Capacitor_SMD:C_0603_1608Metric,CCTC,TCC0603X5R106M160CT,C380317,,,1,,,,
C62,100nF,Capacitor_SMD:C_0603_1608Metric,Samsung,CL10B104KB8NNNC,C1591,,,1,,,,
C63,100pF,Capacitor_SMD:C_0603_1608Metric,Samsung Electro-Mechanics,CL10C101JB8NNNC,C14858,,,1,,,,
C64,6.8pF,Capacitor_SMD:C_0402_1005Metric,Samsung Electro-Mechanics,0402CG6R8C500NT,C1576,,,1,,,,
C65,6.8 pF ± 0.5 pF,Capacitor_SMD:C_0402_1005Metric,Samsung Electro-Mechanics,0402CG6R8C500NT,C1576,,,1,,,,
C66,20pF,Capacitor_SMD:C_0402_1005Metric,,0402CG200J500NT,C1554,,,1,,,,
C67,100nF,Capacitor_SMD:C_0603_1608Metric,,CL10B104KB8NNNC,C1591,,,1,,,,
C68,4.7µF,Capacitor_SMD:C_0603_1608Metric,,CL10A475KO8NNNC,C19666,,,1,,,,
C69,100nF,Capacitor_SMD:C_0603_1608Metric,Samsung Electro-Mechanics,CL10B104KB8NNNC,C1591,,,1,,,,
C70,100nF,Capacitor_SMD:C_0603_1608Metric,Samsung Electro-Mechanics,CL10B104KB8NNNC,C1591,,,1,,,,
C71,4.7µF,Capacitor_SMD:C_0603_1608Metric,,CL10A475KO8NNNC,C19666,,,1,,,,
C72,2.2µF,Capacitor_SMD:C_0603_1608Metric,,CL10A225KO8NNNC,C23630,,,1,,,,
C73,100nF,Capacitor_SMD:C_0603_1608Metric,,CL10B104KB8NNNC,C1591,,,1,,,,
C74,2.2µF,Capacitor_SMD:C_0603_1608Metric,,CL10A225KO8NNNC,C23630,,,1,,,,
C75,2.2µF,Capacitor_SMD:C_0603_1608Metric,Samsung Electro-Mechanics,CL10A225KO8NNNC,C23630,,,1,,,,
C76,1µF,Capacitor_SMD:C_0603_1608Metric,Taiyo Yuden,UMK107BJ105KA-T,C92848,,https://www.lcsc.com/product-detail/C92848.html,1,,,,
C77,100nF,Capacitor_SMD:C_0603_1608Metric,,CL10B104KB8NNNC,C1591,,,1,,,,
C78,100nF,Capacitor_SMD:C_0603_1608Metric,,CL10B104KB8NNNC,C1591,,,1,,,,
C79,2.2µF,Capacitor_SMD:C_0603_1608Metric,Samsung Electro-Mechanics,CL10A225KO8NNNC,C23630,,,1,,,,
C80,10nF,Capacitor_SMD:C_0603_1608Metric,,0603X7R103J500NT,C49326600,,,1,,,,
C81,6.8nF,Capacitor_SMD:C_0603_1608Metric,,CC0603KRX7R9BB682,C107097,,,1,,,,
C82,100nF,Capacitor_SMD:C_0402_1005Metric,Samsung Electro-Mechanics,CL05B104KB54PNC,C307331,,,1,,0.0093,0.0093,"JLC CLI live lookup, 2026-08-13"
C83,100pF,Capacitor_SMD:C_0603_1608Metric,,CL10C101JB8NNNC,C14858,,,1,,,,
C84,100nF,Capacitor_SMD:C_0603_1608Metric,,CL10C101JB8NNNC,C14858,,,1,,,,
C85,220 pF ± 5%,Capacitor_SMD:C_0402_1005Metric,Samsung Electro-Mechanics,0402CG221J500NT,C39122,,,1,,0.0062,0.0062,"JLC CLI live lookup, 2026-08-13"
C86,100pF,Capacitor_SMD:C_0603_1608Metric,,CL10C101JB8NNNC,C14858,,,1,,,,
C87,33pF,Capacitor_SMD:C_0603_1608Metric,,CL10C330JB8NNNC,C1663,,,1,,,,
C88,33pF,Capacitor_SMD:C_0603_1608Metric,,CL10C330JB8NNNC,C1663,,,1,,,,
C89,10µF,Capacitor_SMD:C_0603_1608Metric,Samsung Electro-Mechanics,TCC0603X5R106M160CT,C380317,,,1,,,,
C90,100nF,Capacitor_SMD:C_0603_1608Metric,,CL10B104KB8NNNC,C1591,,,1,,,,
C91,4.7µF,Capacitor_SMD:C_0603_1608Metric,,CL10A475KO8NNNC,C19666,,,1,,,,
C92,100nF,Capacitor_SMD:C_0603_1608Metric,Samsung Electro-Mechanics,CL10B104KB8NNNC,C1591,,,1,,,,
C93,8.2pF,Capacitor_SMD:C_0402_1005Metric,,0402CG8R2C500NT,C1579,,,1,,,,
C94,0.1µF,Capacitor_SMD:C_0603_1608Metric,,CL10B104KB8NNNC,C1591,,,1,,,,
C95,2.2µF,Capacitor_SMD:C_0603_1608Metric,,CL10A225KO8NNNC,C23630,,,1,,,,
C96,100nF,Capacitor_SMD:C_0603_1608Metric,Samsung Electro-Mechanics,CL10B104KB8NNNC,C1591,,,1,,,,
C97,2.2µF,Capacitor_SMD:C_0603_1608Metric,,CL10A225KO8NNNC,C23630,,,1,,,,
C98,100nF,Capacitor_SMD:C_0603_1608Metric,Samsung Electro-Mechanics,CL10B104KB8NNNC,C1591,,,1,,,,
C99,100pF,Capacitor_SMD:C_0603_1608Metric,Samsung Electro-Mechanics,CL10C101JB8NNNC,C14858,,,1,,,,
C100,100pF,Capacitor_SMD:C_0603_1608Metric,Samsung Electro-Mechanics,CL10C101JB8NNNC,C14858,,,1,,,,
C101,100pF,Capacitor_SMD:C_0402_1005Metric,,0402CG101J500NT,C1546,,,1,,,,
C102,8.2pF,Capacitor_SMD:C_0402_1005Metric,,0402CG8R2C500NT,C1579,,,1,,,,
C103,8.2pF,Capacitor_SMD:C_0603_1608Metric,Samsung Electro-Mechanics,0402CG8R2C500NT,C1579,,,1,,,,
C104,100pF,Capacitor_SMD:C_0603_1608Metric,,CL10C101JB8NNNC,C14858,,,1,,,,
C105,100pF,Capacitor_SMD:C_0603_1608Metric,Samsung Electro-Mechanics,CL10C101JB8NNNC,C14858,,,1,,,,
C106,0.1µF,Capacitor_SMD:C_0603_1608Metric,Samsung Electro-Mechanics,CL10B104KB8NNNC,C1591,,,1,,,,
C107,100pF,Capacitor_SMD:C_0603_1608Metric,Samsung Electro-Mechanics,CL10C101JB8NNNC,C14858,,,1,,,,
C108,0.1µF,Capacitor_SMD:C_0603_1608Metric,Samsung Electro-Mechanics,CL10B104KB8NNNC,C1591,,,1,,,,
C109,22pF,Capacitor_SMD:C_0402_1005Metric,,0402CG220J500NT,C1555,,,1,,,,
C110,22pF,Capacitor_SMD:C_0603_1608Metric,Samsung Electro-Mechanics,0402CG220J500NT,C1555,,,1,,,,
C111,100nF,Capacitor_SMD:C_0603_1608Metric,Samsung Electro-Mechanics,CL10B104KB8NNNC,C1591,,,1,,,,
C112,22pF,Capacitor_SMD:C_0402_1005Metric,,0402CG220J500NT,C1555,,,1,,,,
C113,22pF,Capacitor_SMD:C_0603_1608Metric,Samsung Electro-Mechanics,0402CG220J500NT,C1555,,,1,,,,
C114,100nF,Capacitor_SMD:C_0603_1608Metric,Samsung Electro-Mechanics,CL10B104KB8NNNC,C1591,,,1,,,,
C115,100nF,Capacitor_SMD:C_0603_1608Metric,Samsung Electro-Mechanics,CL10B104KB8NNNC,C1591,,,1,,,,
C116,10µF,Capacitor_SMD:C_0603_1608Metric,Samsung Electro-Mechanics,TCC0603X5R106M160CT,C380317,,,1,,,,
C117,2.2µF,Capacitor_SMD:C_0603_1608Metric,Samsung Electro-Mechanics,CL10A225KO8NNNC,C23630,,,1,,,,
C118,1µF,Capacitor_SMD:C_0603_1608Metric,Taiyo Yuden,UMK107BJ105KA-T,C92848,,https://www.lcsc.com/product-detail/C92848.html,1,,,,
C119,100pF,Capacitor_SMD:C_0603_1608Metric,Samsung Electro-Mechanics,CL10C101JB8NNNC,C14858,,,1,,,,
C120,1µF,Capacitor_SMD:C_0603_1608Metric,Taiyo Yuden,UMK107BJ105KA-T,C92848,,https://www.lcsc.com/product-detail/C92848.html,1,,,,
C121,1µF,Capacitor_SMD:C_0603_1608Metric,Taiyo Yuden,UMK107BJ105KA-T,C92848,,https://www.lcsc.com/product-detail/C92848.html,1,,,,
C122,100pF,Capacitor_SMD:C_0603_1608Metric,Samsung Electro-Mechanics,CL10C101JB8NNNC,C14858,,,1,,,,
C123,2.2µF,Capacitor_SMD:C_0603_1608Metric,Samsung Electro-Mechanics,CL10A225KO8NNNC,C23630,,,1,,,,
C124,1µF,Capacitor_SMD:C_0603_1608Metric,Taiyo Yuden,UMK107BJ105KA-T,C92848,,https://www.lcsc.com/product-detail/C92848.html,1,,,,
C125,1nF,Capacitor_SMD:C_0603_1608Metric,Samsung Electro-Mechanics,CC0603KRX7R9BB102,C100040,,,1,,,,
C126,1nF,Capacitor_SMD:C_0603_1608Metric,Samsung Electro-Mechanics,CC0603KRX7R9BB102,C100040,,,1,,,,
C127,1nF,Capacitor_SMD:C_0603_1608Metric,Samsung Electro-Mechanics,CC0603KRX7R9BB102,C100040,,,1,,,,
C128,1nF,Capacitor_SMD:C_0603_1608Metric,Samsung Electro-Mechanics,CC0603KRX7R9BB102,C100040,,,1,,,,
C129,1µF,Capacitor_SMD:C_0603_1608Metric,Taiyo Yuden,UMK107BJ105KA-T,C92848,,https://www.lcsc.com/product-detail/C92848.html,1,,,,
C130,1µF,Capacitor_SMD:C_0603_1608Metric,Taiyo Yuden,UMK107BJ105KA-T,C92848,,https://www.lcsc.com/product-detail/C92848.html,1,,,,
C131,10µF,Capacitor_SMD:C_0603_1608Metric,Samsung Electro-Mechanics,TCC0603X5R106M160CT,C380317,,,1,,,,
C132,1µF,Capacitor_SMD:C_0603_1608Metric,Taiyo Yuden,UMK107BJ105KA-T,C92848,,https://www.lcsc.com/product-detail/C92848.html,1,,,,
C133,100nF,Capacitor_SMD:C_0603_1608Metric,Samsung Electro-Mechanics,CL10B104KB8NNNC,C1591,,,1,,,,
C134,100nF,Capacitor_SMD:C_0603_1608Metric,Samsung Electro-Mechanics,CL10B104KB8NNNC,C1591,,,1,,,,
C135,10µF,Capacitor_SMD:C_0603_1608Metric,Samsung Electro-Mechanics,TCC0603X5R106M160CT,C380317,,,1,,,,
C136,100nF,Capacitor_SMD:C_0603_1608Metric,Samsung Electro-Mechanics,CL10B104KB8NNNC,C1591,,,1,,,,
C137,10µF,Capacitor_SMD:C_0603_1608Metric,Samsung Electro-Mechanics,TCC0603X5R106M160CT,C380317,,,1,,,,
C138,1µF,Capacitor_SMD:C_0603_1608Metric,Taiyo Yuden,UMK107BJ105KA-T,C92848,,https://www.lcsc.com/product-detail/C92848.html,1,,,,
C139,100nF,Capacitor_SMD:C_0603_1608Metric,Samsung Electro-Mechanics,CL10B104KB8NNNC,C1591,,,1,,,,
C140,10µF,Capacitor_SMD:C_0603_1608Metric,Samsung Electro-Mechanics,TCC0603X5R106M160CT,C380317,,,1,,,,
C141,2.2µF,Capacitor_SMD:C_0603_1608Metric,Samsung Electro-Mechanics,CL10A225KO8NNNC,C23630,,,1,,,,
C142,100nF,Capacitor_SMD:C_0603_1608Metric,Samsung Electro-Mechanics,CL10B104KB8NNNC,C1591,,,1,,,,
C143,3.3nF,Capacitor_SMD:C_0603_1608Metric,,CL10B332KB8NNNC,C1613,,,1,,,,
C144,1µF,Capacitor_SMD:C_0603_1608Metric,Taiyo Yuden,UMK107BJ105KA-T,C92848,,https://www.lcsc.com/product-detail/C92848.html,1,,,,
C145,10µF,Capacitor_SMD:C_0603_1608Metric,Samsung Electro-Mechanics,TCC0603X5R106M160CT,C380317,,,1,,,,
C146,3.3nF,Capacitor_SMD:C_0603_1608Metric,,CL10B332KB8NNNC,C1613,,,1,,,,
C147,100nF,Capacitor_SMD:C_0603_1608Metric,Samsung Electro-Mechanics,CL10B104KB8NNNC,C1591,,,1,,,,
C148,100nF,Capacitor_SMD:C_0603_1608Metric,Samsung Electro-Mechanics,CL10B104KB8NNNC,C1591,,,1,,,,
C149,100nF,Capacitor_SMD:C_0603_1608Metric,Samsung Electro-Mechanics,CL10B104KB8NNNC,C1591,,,1,,,,
C150,1µF,Capacitor_SMD:C_0603_1608Metric,Taiyo Yuden,UMK107BJ105KA-T,C92848,,https://www.lcsc.com/product-detail/C92848.html,1,,,,
C151,100nF,Capacitor_SMD:C_0603_1608Metric,Samsung Electro-Mechanics,CL10B104KB8NNNC,C1591,,,1,,,,
C152,100nF,Capacitor_SMD:C_0603_1608Metric,Samsung Electro-Mechanics,CL10B104KB8NNNC,C1591,,,1,,,,
C153,100nF,Capacitor_SMD:C_0603_1608Metric,Samsung Electro-Mechanics,CL10B104KB8NNNC,C1591,,,1,,,,
C154,100nF,Capacitor_SMD:C_0603_1608Metric,Samsung Electro-Mechanics,CL10B104KB8NNNC,C1591,,,1,,,,
C155,1µF,Capacitor_SMD:C_0603_1608Metric,Taiyo Yuden,UMK107BJ105KA-T,C92848,,https://www.lcsc.com/product-detail/C92848.html,1,,,,
C156,100pF,Capacitor_SMD:C_0603_1608Metric,Samsung Electro-Mechanics,CL10C101JB8NNNC,C14858,,,1,,,,
C157,4.7µF/10V/Ceramic,Capacitor_SMD:C_0603_1608Metric,Murata Electronics,GRM188R61C475KE11D,C77045,,https://www.lcsc.com/product-detail/C77045.html,1,,,,
C158,100nF,Capacitor_SMD:C_0603_1608Metric,Samsung Electro-Mechanics,CL10B104KB8NNNC,C1591,,,1,,,,
C159,100nF,Capacitor_SMD:C_0603_1608Metric,Samsung,CL10B104KB8NNNC,C1591,,,1,,,,
C160,100nF,Capacitor_SMD:C_0603_1608Metric,Samsung,CL10B104KB8NNNC,C1591,,,1,,,,
C161,100nF,Capacitor_SMD:C_0603_1608Metric,Samsung,CL10B104KB8NNNC,C1591,,,1,,,,
C162,100nF,Capacitor_SMD:C_0603_1608Metric,Samsung Electro-Mechanics,CL10B104KB8NNNC,C1591,,,1,,,,
C163,100nF,Capacitor_SMD:C_0603_1608Metric,Samsung,CL10B104KB8NNNC,C1591,,,1,,,,
C164,100nF,Capacitor_SMD:C_0603_1608Metric,Samsung,CL10B104KB8NNNC,C1591,,,1,,,,
C165,10µF,Capacitor_SMD:C_0603_1608Metric,CCTC,TCC0603X5R106M160CT,C380317,,,1,,,,
C166,100nF,Capacitor_SMD:C_0603_1608Metric,Samsung Electro-Mechanics,CL10B104KB8NNNC,C1591,,,1,,,,
C167,100nF,Capacitor_SMD:C_0603_1608Metric,Samsung Electro-Mechanics,CL10B104KB8NNNC,C1591,,,1,,,,
C168,100nF,Capacitor_SMD:C_0603_1608Metric,Samsung Electro-Mechanics,CL10B104KB8NNNC,C1591,,,1,,,,
C169,100nF,Capacitor_SMD:C_0603_1608Metric,Samsung Electro-Mechanics,CL10B104KB8NNNC,C1591,,,1,,,,
C170,100nF,Capacitor_SMD:C_0603_1608Metric,Samsung Electro-Mechanics,CL10B104KB8NNNC,C1591,,,1,,,,
C171,100nF,Capacitor_SMD:C_0603_1608Metric,Samsung Electro-Mechanics,CL10B104KB8NNNC,C1591,,,1,,,,
C172,100nF,Capacitor_SMD:C_0603_1608Metric,Samsung Electro-Mechanics,CL10B104KB8NNNC,C1591,,,1,,,,
C173,100nF,Capacitor_SMD:C_0603_1608Metric,Samsung Electro-Mechanics,CL10B104KB8NNNC,C1591,,,1,,,,
C174,100nF,Capacitor_SMD:C_0603_1608Metric,Samsung Electro-Mechanics,CL10B104KB8NNNC,C1591,,,1,,,,
C175,100nF,Capacitor_SMD:C_0603_1608Metric,Samsung Electro-Mechanics,CL10B104KB8NNNC,C1591,,,1,,,,
C176,100nF,Capacitor_SMD:C_0603_1608Metric,Samsung Electro-Mechanics,CL10B104KB8NNNC,C1591,,,1,,,,
C177,100nF,Capacitor_SMD:C_0603_1608Metric,Samsung Electro-Mechanics,CL10B104KB8NNNC,C1591,,,1,,,,
C178,100nF,Capacitor_SMD:C_0603_1608Metric,Samsung Electro-Mechanics,CL10B104KB8NNNC,C1591,,,1,,,,
C179,100nF,Capacitor_SMD:C_0603_1608Metric,Samsung Electro-Mechanics,CL10B104KB8NNNC,C1591,,,1,,,,
C180,100nF,Capacitor_SMD:C_0603_1608Metric,Samsung Electro-Mechanics,CL10B104KB8NNNC,C1591,,,1,,,,
C181,100nF,Capacitor_SMD:C_0603_1608Metric,Samsung Electro-Mechanics,CL10B104KB8NNNC,C1591,,,1,,,,
C182,100nF,Capacitor_SMD:C_0603_1608Metric,Samsung Electro-Mechanics,CL10B104KB8NNNC,C1591,,,1,,,,
C183,100nF,Capacitor_SMD:C_0603_1608Metric,Samsung Electro-Mechanics,CL10B104KB8NNNC,C1591,,,1,,,,
C184,100nF,Capacitor_SMD:C_0603_1608Metric,Samsung Electro-Mechanics,CL10B104KB8NNNC,C1591,,,1,,,,
C185,100nF,Capacitor_SMD:C_0603_1608Metric,Samsung Electro-Mechanics,CL10B104KB8NNNC,C1591,,,1,,,,
C186,100nF,Capacitor_SMD:C_0603_1608Metric,Samsung Electro-Mechanics,CL10B104KB8NNNC,C1591,,,1,,,,
C187,100nF,Capacitor_SMD:C_0603_1608Metric,Samsung Electro-Mechanics,CL10B104KB8NNNC,C1591,,,1,,,,
C188,100nF,Capacitor_SMD:C_0603_1608Metric,Samsung Electro-Mechanics,CL10B104KB8NNNC,C1591,,,1,,,,
C189,100nF,Capacitor_SMD:C_0603_1608Metric,Samsung Electro-Mechanics,CL10B104KB8NNNC,C1591,,,1,,,,
C190,100nF,Capacitor_SMD:C_0603_1608Metric,Samsung Electro-Mechanics,CL10B104KB8NNNC,C1591,,,1,,,,
C191,100nF,Capacitor_SMD:C_0603_1608Metric,Samsung Electro-Mechanics,CL10B104KB8NNNC,C1591,,,1,,,,
C192,100nF,Capacitor_SMD:C_0603_1608Metric,Samsung Electro-Mechanics,CL10B104KB8NNNC,C1591,,,1,,,,
C193,100nF,Capacitor_SMD:C_0603_1608Metric,Samsung Electro-Mechanics,CL10B104KB8NNNC,C1591,,,1,,,,
C194,100nF,Capacitor_SMD:C_0603_1608Metric,Samsung Electro-Mechanics,CL10B104KB8NNNC,C1591,,,1,,,,
C195,100nF,Capacitor_SMD:C_0603_1608Metric,Samsung Electro-Mechanics,CL10B104KB8NNNC,C1591,,,1,,,,
C196,100nF,Capacitor_SMD:C_0603_1608Metric,Samsung Electro-Mechanics,CL10B104KB8NNNC,C1591,,,1,,,,
C197,100nF,Capacitor_SMD:C_0603_1608Metric,Samsung Electro-Mechanics,CL10B104KB8NNNC,C1591,,,1,,,,
C198,100nF,Capacitor_SMD:C_0603_1608Metric,Samsung Electro-Mechanics,CL10B104KB8NNNC,C1591,,,1,,,,
C199,100nF,Capacitor_SMD:C_0603_1608Metric,Samsung Electro-Mechanics,CL10B104KB8NNNC,C1591,,,1,,,,
C200,100nF,Capacitor_SMD:C_0603_1608Metric,Samsung Electro-Mechanics,CL10B104KB8NNNC,C1591,,,1,,,,
C201,100nF,Capacitor_SMD:C_0603_1608Metric,Samsung Electro-Mechanics,CL10B104KB8NNNC,C1591,,,1,,,,
C202,100nF,Capacitor_SMD:C_0603_1608Metric,Samsung Electro-Mechanics,CL10B104KB8NNNC,C1591,,,1,,,,
C203,100nF,Capacitor_SMD:C_0603_1608Metric,Samsung Electro-Mechanics,CL10B104KB8NNNC,C1591,,,1,,,,
C204,100nF,Capacitor_SMD:C_0603_1608Metric,Samsung Electro-Mechanics,CL10B104KB8NNNC,C1591,,,1,,,,
C205,100nF,Capacitor_SMD:C_0603_1608Metric,Samsung Electro-Mechanics,CL10B104KB8NNNC,C1591,,,1,,,,
C206,100nF,Capacitor_SMD:C_0603_1608Metric,Samsung Electro-Mechanics,CL10B104KB8NNNC,C1591,,,1,,,,
C207,100nF,Capacitor_SMD:C_0603_1608Metric,Samsung Electro-Mechanics,CL10B104KB8NNNC,C1591,,,1,,,,
C208,100nF,Capacitor_SMD:C_0603_1608Metric,Samsung Electro-Mechanics,CL10B104KB8NNNC,C1591,,,1,,,,
C209,100nF,Capacitor_SMD:C_0603_1608Metric,Samsung Electro-Mechanics,CL10B104KB8NNNC,C1591,,,1,,,,
C210,100nF,Capacitor_SMD:C_0603_1608Metric,Samsung Electro-Mechanics,CL10B104KB8NNNC,C1591,,,1,,,,
C211,100nF,Capacitor_SMD:C_0603_1608Metric,Samsung Electro-Mechanics,CL10B104KB8NNNC,C1591,,,1,,,,
C212,100nF,Capacitor_SMD:C_0603_1608Metric,Samsung,CL10B104KB8NNNC,C1591,,,1,,,,
C213,47µF,Capacitor_SMD:C_0805_2012Metric,,CL21A476MQYNNNE,C16780,,,1,,,,
C214,100nF,Capacitor_SMD:C_0603_1608Metric,Samsung,CL10B104KB8NNNC,C1591,,,1,,,,
C215,100nF,Capacitor_SMD:C_0603_1608Metric,Samsung Electro-Mechanics,CL10B104KB8NNNC,C1591,,,1,,,,
C216,10µF,Capacitor_SMD:C_0603_1608Metric,CCTC,TCC0603X5R106M160CT,C380317,,,1,,,,
C217,4.7µF,Capacitor_SMD:C_0603_1608Metric,Murata Electronics,GRM188R61C475KE11D,C77045,,https://www.lcsc.com/product-detail/C77045.html,1,,,,
C218,100nF,Capacitor_SMD:C_0603_1608Metric,Samsung,CL10B104KB8NNNC,C1591,,,1,,,,
C219,100nF,Capacitor_SMD:C_0603_1608Metric,Samsung Electro-Mechanics,CL10B104KB8NNNC,C1591,,,1,,,,
C220,100nF,Capacitor_SMD:C_0603_1608Metric,Samsung,CL10B104KB8NNNC,C1591,,,1,,,,
C221,100nF,Capacitor_SMD:C_0603_1608Metric,Samsung,CL10B104KB8NNNC,C1591,,,1,,,,
C222,100nF,Capacitor_SMD:C_0603_1608Metric,Samsung,CL10B104KB8NNNC,C1591,,,1,,,,
C223,100nF,Capacitor_SMD:C_0603_1608Metric,Samsung,CL10B104KB8NNNC,C1591,,,1,,,,
C224,100nF,Capacitor_SMD:C_0603_1608Metric,Samsung,CL10B104KB8NNNC,C1591,,,1,,,,
C225,100nF,Capacitor_SMD:C_0603_1608Metric,Samsung,CL10B104KB8NNNC,C1591,,,1,,,,
C226,18pF,Capacitor_SMD:C_0402_1005Metric,Yageo,CC0402JRNPO9BN180,C106202,,,1,,0.0061,0.0061,"JLC CLI live lookup, 2026-08-13"
C227,18pF,Capacitor_SMD:C_0402_1005Metric,Yageo,CC0402JRNPO9BN180,C106202,,,1,,,,
C228,2.2µF,Capacitor_SMD:C_0603_1608Metric,Samsung Electro-Mechanics,CL10A225KO8NNNC,C23630,,,1,,,,
C229,100nF,Capacitor_SMD:C_0603_1608Metric,Samsung Electro-Mechanics,CL10B104KB8NNNC,C1591,,,1,,,,
C230,12 pF ± 5%,Capacitor_SMD:C_0402_1005Metric,Yageo,CC0402JRNPO9BN120,C106201,,,1,,0.0038,0.0038,"JLC CLI live lookup, 2026-08-13"
C231,6.8 pF ± 0.5 pF,Capacitor_SMD:C_0402_1005Metric,Samsung Electro-Mechanics,0402CG6R8C500NT,C1576,,,1,,0.0067,0.0067,"JLC CLI live lookup, 2026-08-13"
C232,220 pF ± 5%,Capacitor_SMD:C_0402_1005Metric,Samsung Electro-Mechanics,0402CG221J500NT,C39122,,,1,,0.0062,0.0062,"JLC CLI live lookup, 2026-08-13"
C233,100nF,Capacitor_SMD:C_0402_1005Metric,Samsung Electro-Mechanics,CL05B104KB54PNC,C307331,,,1,,0.0093,0.0093,"JLC CLI live lookup, 2026-08-13"
C234,100nF,Capacitor_SMD:C_0402_1005Metric,Samsung Electro-Mechanics,CL05B104KB54PNC,C307331,,,1,,0.0093,0.0093,"JLC CLI live lookup, 2026-08-13"
C235,220 µF,,Chemi-Con,APXF6R3ARA221MF61G,,565-3163-1-ND,,1,,,,
CN1,DF40C-50DP-0.4V,slate113:CONN-SMD_DF40C-50DP-0.4V,HRS(广濑),DF40C-50DP-0.4V(51),C424645,,https://www.lcsc.com/datasheet/C424645.pdf,1,,,,
CN2,DF40C-50DP-0.4V,slate113:CONN-SMD_DF40C-50DP-0.4V,HRS(广濑),DF40C-50DP-0.4V(51),C424645,,https://www.lcsc.com/datasheet/C424645.pdf,1,,,,
CN3,DF40C-30DS-0.4V,slate113:CONN-SMD_DF40C-30DS-0.4V51,HRS(广濑),DF40C-30DS-0.4V(51),C424642,,https://www.lcsc.com/datasheet/C424642.pdf,1,,,,
CN4,DF40C-40DS-0.4V,slate113:CONN-SMD_DF40C-40DS-0.4V51,HRS(广濑),DF40C-40DS-0.4V(51),C424644,,https://www.lcsc.com/datasheet/C424644.pdf,1,,,,
CN5,DF40C-40DP-0.4V,slate113:CONN-SMD_DF40C-40DP-0.4V,HRS(广濑),DF40C-40DP-0.4V(51),C424643,,https://www.lcsc.com/datasheet/C424643.pdf,1,,,,
CN6,DF40C-40DS-0.4V,slate113:CONN-SMD_DF40C-40DS-0.4V51,HRS(广濑),DF40C-40DS-0.4V(51),C424644,,https://www.lcsc.com/datasheet/C424644.pdf,1,,,,
CN7,DF40C-30DS-0.4V,slate113:CONN-SMD_DF40C-30DS-0.4V51,HRS(广濑),DF40C-30DS-0.4V(51),C424642,,https://www.lcsc.com/datasheet/C424642.pdf,1,,,,
CN8,DF40C-40DP-0.4V,slate113:CONN-SMD_DF40C-40DP-0.4V,HRS(广濑),DF40C-40DP-0.4V(51),C424643,,https://www.lcsc.com/datasheet/C424643.pdf,1,,,,
CN9,DF40C-40DP-0.4V,slate113:CONN-SMD_DF40C-40DP-0.4V,HRS(广濑),DF40C-40DP-0.4V(51),C424643,,https://www.lcsc.com/datasheet/C424643.pdf,1,,,,
CN10,DF40C-40DP-0.4V,slate113:CONN-SMD_DF40C-40DP-0.4V,HRS(广濑),DF40C-40DP-0.4V(51),C424643,,https://www.lcsc.com/datasheet/C424643.pdf,1,,,,
CN11,DF40C-30DP-0.4V,slate113:CONN-SMD_30P-P0.40_5001-BM0430-15-00,HRS(广濑),DF40C-30DP-0.4V(51),C429942,,https://lcsc.com/product-detail/Mezzanine-Connectors-Board-to-Board_HRS-Hirose_DF40C-30DP-0-4V-51_HRS-Hirose-HRS-DF40C-30DP-0-4V-51_C429942.html,1,,,,
CN12,DF40C-50DS-0.4V,slate113:CONN-SMD_DF40C-50DS-0.4V51,HRS(广濑),DF40C-50DS-0.4V(51),C424646,,https://www.lcsc.com/datasheet/C424646.pdf,1,,,,
CN13,DF40C-50DS-0.4V,slate113:CONN-SMD_DF40C-50DS-0.4V51,HRS(广濑),DF40C-50DS-0.4V(51),C424646,,https://www.lcsc.com/datasheet/C424646.pdf,1,,,,
CN14,DF40C-30DP-0.4V,slate113:CONN-SMD_30P-P0.40_5001-BM0430-15-00,HRS(广濑),DF40C-30DP-0.4V(51),C429942,,https://lcsc.com/product-detail/Mezzanine-Connectors-Board-to-Board_HRS-Hirose_DF40C-30DP-0-4V-51_HRS-Hirose-HRS-DF40C-30DP-0-4V-51_C429942.html,1,,,,
CN15,DF40C-24DS-0.4V,slate113:CONN-SMD_DF40C-24DS-0.4V51,HRS(广濑),DF40C-24DS-0.4V(51),C424640,,https://www.lcsc.com/datasheet/C424640.pdf,1,,,,
CN16,DF40C-24DS-0.4V,slate113:CONN-SMD_DF40C-24DS-0.4V51,HRS(广濑),DF40C-24DS-0.4V(51),C424640,,https://www.lcsc.com/datasheet/C424640.pdf,1,,,,
CN17,0530470310,slate113:CONN-TH_0530470310,MOLEX,0530470310,C122442,,https://lcsc.com/product-detail/1-25T-Connectors_MOLEX_0530470310_3P-1-Straight-line_C122442.html,1,,,,
CN18,DF40C-10DP-0.4V,slate113:CONN-SMD_10P-P0.40_DF40C-10DP-0.4V-51,HRS(广濑),DF40C-10DP-0.4V(51),C424635,,https://lcsc.com/product-detail/Mezzanine-Connectors-Board-to-Board_HRS-Hirose-HRS-DF40C-10DP-0-4V-51_C424635.html,1,,,,
CN19,DF40C-24DP-0.4V,slate113:CONN-SMD_DF40C-24DP-0.4V,HRS(广濑),DF40C-24DP-0.4V(51),C424639,,https://www.lcsc.com/datasheet/C424639.pdf,1,,,,
CN20,DF40C-24DP-0.4V,slate113:CONN-SMD_DF40C-24DP-0.4V,HRS(广濑),DF40C-24DP-0.4V(51),C424639,,https://www.lcsc.com/datasheet/C424639.pdf,1,,,,
CN21,DF40C-40DS-0.4V,slate113:CONN-SMD_DF40C-40DS-0.4V51,HRS(广濑),DF40C-40DS-0.4V(51),C424644,,https://www.lcsc.com/datasheet/C424644.pdf,1,,,,
CN22,DF40C-40DS-0.4V,slate113:CONN-SMD_DF40C-40DS-0.4V51,HRS(广濑),DF40C-40DS-0.4V(51),C424644,,https://www.lcsc.com/datasheet/C424644.pdf,1,,,,
Card1,NANO SIM 7P 1.37H PUSH,slate113:SIM-SMD_YKSIM-PUSH137-140NANO,JXTCONN(聚兴泰),NANO SIM 7P 1.37H PUSH,C53207808,,https://www.lcsc.com/datasheet/C53207808.pdf,1,,,,
Card2,TF PUSH,slate113:TF-SMD_TF-PUSH,SHOU HAN(首韩),TF PUSH,C393941,,https://lcsc.com/product-detail/Connector-Card-Sockets_SHOU-HAN-SHOU-HAN-TFDeck-TF-Deck_C393941.html,1,,,,
D1,B5819W,Diode_SMD:D_SOD-123,LCSC,B5819W,C64885,4786-B5819WTR-ND,,1,,,,
D2,RCLAMP0521PATCT,slate113:D0402-BI,Semtech,RCLAMP0521PATCT,C117554,,https://www.lcsc.com/datasheet/C117554.pdf,1,,,,
D3,PESD3V3U1UL,slate113:SOD-882_L1.0-W0.6-RD,Nexperia,PESD3V3U1UL,C19829543,,https://www.lcsc.com/datasheet/C19829543.pdf,1,,,,
D4,PESD3V3U1UL,slate113:SOD-882_L1.0-W0.6-RD,Nexperia,PESD3V3U1UL,C19829543,,https://www.lcsc.com/datasheet/C19829543.pdf,1,,,,
D5,SP0504BAHTG,slate113:SOT-23-5_L3.0-W1.7-P0.95-LS2.8-BR,Littelfuse(美国力特),SP0504BAHTG,C10675,,https://lcsc.com/product-detail/TVS_Littelfuse_SP0504BAHTG_SP0504BAHTG_C10675.html,1,,,,
D6,SP0504BAHTG,slate113:SOT-23-5_L3.0-W1.7-P0.95-LS2.8-BR,Littelfuse(美国力特),SP0504BAHTG,C10675,,https://lcsc.com/product-detail/TVS_Littelfuse_SP0504BAHTG_SP0504BAHTG_C10675.html,1,,,,
D7,SMF5.0A_C151296,slate113:SOD-123F_L2.8-W1.8-LS3.7-RD,Littelfuse(美国力特),SMF5.0A,C151296,,https://lcsc.com/product-detail/TVS_Littelfuse_SMF5-0A_Littelfuse-SMF5-0A_C151296.html,1,,,,
D8,SK9822-EC20,slate113:SK9822-EC20,OPSCO Optoelectronics,SK9822-EC20,C2909059,,https://www.normandled.com/upload/202003/SK9822-EC20%20LED%20Datasheet.pdf,1,,,,
D9,SK9822-EC20,slate113:SK9822-EC20,OPSCO Optoelectronics,SK9822-EC20,C2909059,,https://www.normandled.com/upload/202003/SK9822-EC20%20LED%20Datasheet.pdf,1,,,,
D10,SK9822-EC20,slate113:SK9822-EC20,OPSCO Optoelectronics,SK9822-EC20,C2909059,,https://www.normandled.com/upload/202003/SK9822-EC20%20LED%20Datasheet.pdf,1,,,,
D11,SK9822-EC20,slate113:SK9822-EC20,OPSCO Optoelectronics,SK9822-EC20,C2909059,,https://www.normandled.com/upload/202003/SK9822-EC20%20LED%20Datasheet.pdf,1,,,,
D12,SK9822-EC20,slate113:SK9822-EC20,OPSCO Optoelectronics,SK9822-EC20,C2909059,,https://www.normandled.com/upload/202003/SK9822-EC20%20LED%20Datasheet.pdf,1,,,,
D13,SK9822-EC20,slate113:SK9822-EC20,OPSCO Optoelectronics,SK9822-EC20,C2909059,,https://www.normandled.com/upload/202003/SK9822-EC20%20LED%20Datasheet.pdf,1,,,,
D14,SK9822-EC20,slate113:SK9822-EC20,OPSCO Optoelectronics,SK9822-EC20,C2909059,,https://www.normandled.com/upload/202003/SK9822-EC20%20LED%20Datasheet.pdf,1,,,,
D15,SK9822-EC20,slate113:SK9822-EC20,OPSCO Optoelectronics,SK9822-EC20,C2909059,,https://www.normandled.com/upload/202003/SK9822-EC20%20LED%20Datasheet.pdf,1,,,,
D16,SK9822-EC20,slate113:SK9822-EC20,OPSCO Optoelectronics,SK9822-EC20,C2909059,,https://www.normandled.com/upload/202003/SK9822-EC20%20LED%20Datasheet.pdf,1,,,,
D17,SK9822-EC20,slate113:SK9822-EC20,OPSCO Optoelectronics,SK9822-EC20,C2909059,,https://www.normandled.com/upload/202003/SK9822-EC20%20LED%20Datasheet.pdf,1,,,,
D18,SK9822-EC20,slate113:SK9822-EC20,OPSCO Optoelectronics,SK9822-EC20,C2909059,,https://www.normandled.com/upload/202003/SK9822-EC20%20LED%20Datasheet.pdf,1,,,,
D19,SK9822-EC20,slate113:SK9822-EC20,OPSCO Optoelectronics,SK9822-EC20,C2909059,,https://www.normandled.com/upload/202003/SK9822-EC20%20LED%20Datasheet.pdf,1,,,,
D20,SK9822-EC20,slate113:SK9822-EC20,OPSCO Optoelectronics,SK9822-EC20,C2909059,,https://www.normandled.com/upload/202003/SK9822-EC20%20LED%20Datasheet.pdf,1,,,,
D21,SK9822-EC20,slate113:SK9822-EC20,OPSCO Optoelectronics,SK9822-EC20,C2909059,,https://www.normandled.com/upload/202003/SK9822-EC20%20LED%20Datasheet.pdf,1,,,,
D22,SK9822-EC20,slate113:SK9822-EC20,OPSCO Optoelectronics,SK9822-EC20,C2909059,,https://www.normandled.com/upload/202003/SK9822-EC20%20LED%20Datasheet.pdf,1,,,,
D23,SK9822-EC20,slate113:SK9822-EC20,OPSCO Optoelectronics,SK9822-EC20,C2909059,,https://www.normandled.com/upload/202003/SK9822-EC20%20LED%20Datasheet.pdf,1,,,,
D24,SK9822-EC20,slate113:SK9822-EC20,OPSCO Optoelectronics,SK9822-EC20,C2909059,,https://www.normandled.com/upload/202003/SK9822-EC20%20LED%20Datasheet.pdf,1,,,,
D25,SK9822-EC20,slate113:SK9822-EC20,OPSCO Optoelectronics,SK9822-EC20,C2909059,,https://www.normandled.com/upload/202003/SK9822-EC20%20LED%20Datasheet.pdf,1,,,,
D26,SK9822-EC20,slate113:SK9822-EC20,OPSCO Optoelectronics,SK9822-EC20,C2909059,,https://www.normandled.com/upload/202003/SK9822-EC20%20LED%20Datasheet.pdf,1,,,,
D27,SK9822-EC20,slate113:SK9822-EC20,OPSCO Optoelectronics,SK9822-EC20,C2909059,,https://www.normandled.com/upload/202003/SK9822-EC20%20LED%20Datasheet.pdf,1,,,,
D28,SK9822-EC20,slate113:SK9822-EC20,OPSCO Optoelectronics,SK9822-EC20,C2909059,,https://www.normandled.com/upload/202003/SK9822-EC20%20LED%20Datasheet.pdf,1,,,,
D29,SK9822-EC20,slate113:SK9822-EC20,OPSCO Optoelectronics,SK9822-EC20,C2909059,,https://www.normandled.com/upload/202003/SK9822-EC20%20LED%20Datasheet.pdf,1,,,,
D30,SK9822-EC20,slate113:SK9822-EC20,OPSCO Optoelectronics,SK9822-EC20,C2909059,,https://www.normandled.com/upload/202003/SK9822-EC20%20LED%20Datasheet.pdf,1,,,,
D31,SK9822-EC20,slate113:SK9822-EC20,OPSCO Optoelectronics,SK9822-EC20,C2909059,,https://www.normandled.com/upload/202003/SK9822-EC20%20LED%20Datasheet.pdf,1,,,,
D32,SK9822-EC20,slate113:SK9822-EC20,OPSCO Optoelectronics,SK9822-EC20,C2909059,,https://www.normandled.com/upload/202003/SK9822-EC20%20LED%20Datasheet.pdf,1,,,,
D33,SK9822-EC20,slate113:SK9822-EC20,OPSCO Optoelectronics,SK9822-EC20,C2909059,,https://www.normandled.com/upload/202003/SK9822-EC20%20LED%20Datasheet.pdf,1,,,,
D34,SK9822-EC20,slate113:SK9822-EC20,OPSCO Optoelectronics,SK9822-EC20,C2909059,,https://www.normandled.com/upload/202003/SK9822-EC20%20LED%20Datasheet.pdf,1,,,,
D35,SK9822-EC20,slate113:SK9822-EC20,OPSCO Optoelectronics,SK9822-EC20,C2909059,,https://www.normandled.com/upload/202003/SK9822-EC20%20LED%20Datasheet.pdf,1,,,,
D36,SK9822-EC20,slate113:SK9822-EC20,OPSCO Optoelectronics,SK9822-EC20,C2909059,,https://www.normandled.com/upload/202003/SK9822-EC20%20LED%20Datasheet.pdf,1,,,,
D37,SK9822-EC20,slate113:SK9822-EC20,OPSCO Optoelectronics,SK9822-EC20,C2909059,,https://www.normandled.com/upload/202003/SK9822-EC20%20LED%20Datasheet.pdf,1,,,,
D38,SK9822-EC20,slate113:SK9822-EC20,OPSCO Optoelectronics,SK9822-EC20,C2909059,,https://www.normandled.com/upload/202003/SK9822-EC20%20LED%20Datasheet.pdf,1,,,,
D39,SK9822-EC20,slate113:SK9822-EC20,OPSCO Optoelectronics,SK9822-EC20,C2909059,,https://www.normandled.com/upload/202003/SK9822-EC20%20LED%20Datasheet.pdf,1,,,,
D40,SK9822-EC20,slate113:SK9822-EC20,OPSCO Optoelectronics,SK9822-EC20,C2909059,,https://www.normandled.com/upload/202003/SK9822-EC20%20LED%20Datasheet.pdf,1,,,,
D41,SK9822-EC20,slate113:SK9822-EC20,OPSCO Optoelectronics,SK9822-EC20,C2909059,,https://www.normandled.com/upload/202003/SK9822-EC20%20LED%20Datasheet.pdf,1,,,,
D42,SK9822-EC20,slate113:SK9822-EC20,OPSCO Optoelectronics,SK9822-EC20,C2909059,,https://www.normandled.com/upload/202003/SK9822-EC20%20LED%20Datasheet.pdf,1,,,,
D43,SK9822-EC20,slate113:SK9822-EC20,OPSCO Optoelectronics,SK9822-EC20,C2909059,,https://www.normandled.com/upload/202003/SK9822-EC20%20LED%20Datasheet.pdf,1,,,,
D44,SK9822-EC20,slate113:SK9822-EC20,OPSCO Optoelectronics,SK9822-EC20,C2909059,,https://www.normandled.com/upload/202003/SK9822-EC20%20LED%20Datasheet.pdf,1,,,,
D45,SK9822-EC20,slate113:SK9822-EC20,OPSCO Optoelectronics,SK9822-EC20,C2909059,,https://www.normandled.com/upload/202003/SK9822-EC20%20LED%20Datasheet.pdf,1,,,,
D46,SK9822-EC20,slate113:SK9822-EC20,OPSCO Optoelectronics,SK9822-EC20,C2909059,,https://www.normandled.com/upload/202003/SK9822-EC20%20LED%20Datasheet.pdf,1,,,,
D47,SK9822-EC20,slate113:SK9822-EC20,OPSCO Optoelectronics,SK9822-EC20,C2909059,,https://www.normandled.com/upload/202003/SK9822-EC20%20LED%20Datasheet.pdf,1,,,,
D48,SK9822-EC20,slate113:SK9822-EC20,OPSCO Optoelectronics,SK9822-EC20,C2909059,,https://www.normandled.com/upload/202003/SK9822-EC20%20LED%20Datasheet.pdf,1,,,,
D49,SK9822-EC20,slate113:SK9822-EC20,OPSCO Optoelectronics,SK9822-EC20,C2909059,,https://www.normandled.com/upload/202003/SK9822-EC20%20LED%20Datasheet.pdf,1,,,,
D50,SK9822-EC20,slate113:SK9822-EC20,OPSCO Optoelectronics,SK9822-EC20,C2909059,,https://www.normandled.com/upload/202003/SK9822-EC20%20LED%20Datasheet.pdf,1,,,,
D51,SK9822-EC20,slate113:SK9822-EC20,OPSCO Optoelectronics,SK9822-EC20,C2909059,,https://www.normandled.com/upload/202003/SK9822-EC20%20LED%20Datasheet.pdf,1,,,,
D52,SK9822-EC20,slate113:SK9822-EC20,OPSCO Optoelectronics,SK9822-EC20,C2909059,,https://www.normandled.com/upload/202003/SK9822-EC20%20LED%20Datasheet.pdf,1,,,,
F1,Polyfuse,Fuse:Fuse_0603_1608Metric,YAGEO,SMD0603B050TF,C269155,13-SMD0603B050TFTR-ND,,1,,,,
FB1,FerriteBead,Inductor_SMD:L_0603_1608Metric,TDK,MPZ1608S601ATA00,C107335,,,1,,,,
FB2,FerriteBead,Inductor_SMD:L_0603_1608Metric,TDK,MPZ1608S601ATA00,C107335,,,1,,,,
FB3,FerriteBead,Inductor_SMD:L_0603_1608Metric,TDK,MPZ1608S601ATA00,C107335,,,1,,,,
FB5,FerriteBead,Inductor_SMD:L_0603_1608Metric,TDK,MPZ1608S601ATA00,C107335,,,1,,,,
FB6,600Ω @ 100MHz,Inductor_SMD:L_0603_1608Metric,TDK,MPZ1608S601ATA00,C107335,,,1,,,,
FB7,600Ω @ 100MHz,Inductor_SMD:L_0603_1608Metric,TDK,MPZ1608S601ATA00,C107335,,,1,,,,
FB8,600Ω @ 100MHz,Inductor_SMD:L_0603_1608Metric,TDK,MPZ1608S601ATA00,C107335,,,1,,,,
FB9,600Ω @ 100MHz,Inductor_SMD:L_0603_1608Metric,TDK,MPZ1608S601ATA00,C107335,,,1,,,,
FB10,FerriteBead_Small,Inductor_SMD:L_0603_1608Metric,TDK,MPZ1608S601ATA00,C107335,,,1,,,,
FPC1,FPC0.5-24P,slate113:FPC-SMD_P0.50-24P_XJ-FGS,Ckmtw(灿科盟),F-FPC0M24P-C310,C132514,,https://lcsc.com/product-detail/FPC-Connectors_Shenzhen-Cancome-FPCsocket-0-5mmpitch-24P-Clamshell-Under-the-next_C132514.html,1,,,,
FPC2,FPC-0.5FX-6PWBH10,slate113:FPC-SMD_FPC-0.5FX-6PWBH10,XUNPU(讯普),FPC-0.5FX-6PWBH10,C5343255,,https://www.lcsc.com/datasheet/C5343255.pdf,1,,,,
J1,RFPC-SMA27-F,RFPC-SMA27-F:GRADCONN_RFPC-SMA27-F,GCT,RFPC-SMA27-F,,2073-RFPC-SMA27-F-ND,https://www.mouser.com/datasheet/2/837/RFPC_SMA27_F-3511583.pdf,1,,,,
J2,TYPE-C16PIN,slate113:USB-C-SMD_TYPE-C16PIN,SHOU HAN(首韩),TYPE-C16PIN,C393939,,https://lcsc.com/product-detail/USB-Connectors_SHOU-HAN-TYPE-C16PIN_C393939.html,1,,,,
J3,Conn_Coaxial,Connector_Coaxial:U.FL_Hirose_U.FL-R-SMT-1(10),IPEX,BWIPX-1-001E,C496552,,,1,,,,
J4,DF40C-100DP-0.4V51,slate113:CONN100_DF40C-100DP-0.4V51_HIR,LCSC,DF40C-100DP-0.4V(51),C531031,,DF40C-100DP-0.4V51,1,,,,
J4,DF40C-100DP-0.4V51,slate113:CONN100_DF40C-100DP-0.4V51_HIR,LCSC,DF40C-100DP-0.4V(51),C531031,,DF40C-100DP-0.4V51,1,,,,
J5,DF40C-100DP-0.4V51,slate113:CONN100_DF40C-100DP-0.4V51_HIR,,DF40C-100DP-0.4V(51),C531031,,DF40C-100DP-0.4V51,1,,,,
J5,DF40C-100DP-0.4V51,slate113:CONN100_DF40C-100DP-0.4V51_HIR,,DF40C-100DP-0.4V(51),C531031,,DF40C-100DP-0.4V51,1,,,,
J6,395-016-520-202,slate113:395016520202,EDAC Inc.,395-016-520-202,,151-395-016-520-202-ND,https://files.edac.net/edac/content/series/og/English/EDAC%20345%20395%20Series%20Card%20Edge%20Connectors%20English%20Ordering%20Guide.pdf,1,,,,
J7,Conn_Coaxial,Connector_Coaxial:U.FL_Hirose_U.FL-R-SMT-1(10),IPEX,BWIPX-1-001E,C496552,,,1,,,,
J8,RFPC-SMA27-F,RFPC-SMA27-F:GRADCONN_RFPC-SMA27-F,GCT,RFPC-SMA27-F,,2073-RFPC-SMA27-F-ND,https://www.mouser.com/datasheet/2/837/RFPC_SMA27_F-3511583.pdf,1,,,,
J9,Bus_M.2_Socket_B,slate113:NGFFM_2BKEY_8_2_COPY,Amphenol ICC (FCI),MDT420B03001,C4885179,MDT420B03001TR-ND,https://web.archive.org/web/20200613074028/http://read.pudn.com/downloads794/doc/project/3133918/PCIe_M.2_Electromechanical_Spec_Rev1.0_Final_11012013_RS_Clean.pdf#page=154,1,,,,
J10,Conn_Coaxial,Connector_Coaxial:U.FL_Hirose_U.FL-R-SMT-1(10),IPEX,BWIPX-1-001E,C496552,,,1,,,,
J11,RFPC-SMA27-F,RFPC-SMA27-F:GRADCONN_RFPC-SMA27-F,GCT,RFPC-SMA27-F,,2073-RFPC-SMA27-F-ND,https://www.mouser.com/datasheet/2/837/RFPC_SMA27_F-3511583.pdf,1,,,,
J12,Conn_Coaxial,Connector_Coaxial:U.FL_Hirose_U.FL-R-SMT-1(10),IPEX,BWIPX-1-001E,C496552,,,1,,,,
J13,U.FL,slate113:IPEX-SMD_BWIPX-1-001E,DigiKey,BWIPX-1-001E,C496552,,,1,,,,
J14,U.FL,slate113:IPEX-SMD_BWIPX-1-001E,DigiKey,BWIPX-1-001E,C496552,,,1,,,,
J15,U.FL,slate113:IPEX-SMD_BWIPX-1-001E,Molex,BWIPX-1-001E,C496552,,,1,,,,
J16,U.FL,slate113:IPEX-SMD_BWIPX-1-001E,Antenna Company,BWIPX-1-001E,C496552,,,1,,,,
J17,U.FL,slate113:IPEX-SMD_BWIPX-1-001E,Antenna Company,BWIPX-1-001E,C496552,,,1,,,,
J18,U.FL,slate113:IPEX-SMD_BWIPX-1-001E,Molex,BWIPX-1-001E,C496552,,,1,,,,
J19,U.FL,slate113:IPEX-SMD_BWIPX-1-001E,,BWIPX-1-001E,C496552,,,1,,,,
J20,U.FL,slate113:IPEX-SMD_BWIPX-1-001E,,BWIPX-1-001E,C496552,,,1,,,,
J22,RFPC-SMA27-F,RFPC-SMA27-F:GRADCONN_RFPC-SMA27-F,GCT,RFPC-SMA27-F,,2073-RFPC-SMA27-F-ND,https://www.mouser.com/datasheet/2/837/RFPC_SMA27_F-3511583.pdf,1,,,,
J23,RFPC-SMA27-F,RFPC-SMA27-F:GRADCONN_RFPC-SMA27-F,GCT,RFPC-SMA27-F,,2073-RFPC-SMA27-F-ND,https://www.mouser.com/datasheet/2/837/RFPC_SMA27_F-3511583.pdf,1,,,,
J24,Conn_Coaxial,Connector_Coaxial:U.FL_Hirose_U.FL-R-SMT-1(10),IPEX,BWIPX-1-001E,C496552,,,1,,,,
J25,RFPC-SMA27-F,RFPC-SMA27-F:GRADCONN_RFPC-SMA27-F,GCT,RFPC-SMA27-F,,2073-RFPC-SMA27-F-ND,https://www.mouser.com/datasheet/2/837/RFPC_SMA27_F-3511583.pdf,1,,,,
J26,Conn_Coaxial,Connector_Coaxial:U.FL_Hirose_U.FL-R-SMT-1(10),IPEX,BWIPX-1-001E,C496552,,,1,,,,
L1,4.7µH,slate113:IND-SMD_L5.5-W5.3,cjiang (Changjiang Microelectronics Tech),FEXL0530A-4R7M,C5378513,,,1,,0.6635,0.6635,"JLC CLI live lookup, 2026-08-13"
L2,1µH,slate113:IND-SMD_L7.1-W6.5-P5.60,TDK,SPM6530T-1R0M120,C87572,,,1,,,,
L3,10µH,slate113:IND-SMD_L7.1-W6.6,TDK,SPM6530T-100M,C112288,,,1,,,,
L4,1µH,slate113:IND-SMD_L7.1-W6.5-P5.60,TDK,SPM6530T-1R0M120,C87572,,,1,,,,
L5,5.6nH,Inductor_SMD:L_0402_1005Metric,,LQG15HS5N6S02D,C85670,,,1,,,,
L6,33 nH ± 5%,Inductor_SMD:L_0402_1005Metric,,LQW15AN33NG00D,C113114,,,1,,,,
L7,33 nH ± 5%,Inductor_SMD:L_0402_1005Metric,,LQW15AN33NG00D,C113114,,,1,,,,
L8,68nH,Inductor_SMD:L_0402_1005Metric,,LQW15AN68NG00D,C108965,,,1,,,,
L9,33 nH ± 5%,Inductor_SMD:L_0402_1005Metric,,LQW15AN33NG00D,C113114,,,1,,,,
L10,33 nH ± 5%,Inductor_SMD:L_0402_1005Metric,,LQW15AN33NG00D,C113114,,,1,,,,
LS1,Solder Pad,TestPoint:TestPoint_Pad_D2.0mm,,,,,,1,,,,
LS2,Solder Pad,TestPoint:TestPoint_Pad_D2.0mm,,,,,,1,,,,
Q1,MMBT3904-TP,slate113:SOT-23-3_L2.9-W1.3-P1.90-LS2.4-BR,MCC(美微科),MMBT3904-TP,C77991,,https://lcsc.com/product-detail/Transistors_MCC_MMBT3904-TP_MMBT3904-TP_C77991.html,1,,,,
Q4,MMBT3904-C20526,slate113:SOT-23-3_L2.9-W1.3-P1.90-LS2.4-BR,CJ(江苏长电/长晶),MMBT3904(RANGE:100-300),C20526,,https://lcsc.com/product-detail/_MMBT3904-1AM-100-300_C20526.html,1,,,,
Q6,CSD17575Q3,slate113:VSON-CLIP-8_L3.3-W3.3-P0.65-BL,Texas Instruments,CSD17575Q3,C529277,,https://www.ti.com/lit/ds/symlink/csd17575q3.pdf,1,,,,
Q8,CSD17575Q3,slate113:VSON-CLIP-8_L3.3-W3.3-P0.65-BL,Texas Instruments,CSD17575Q3,C529277,,https://www.ti.com/lit/ds/symlink/csd17575q3.pdf,1,,,,
R1,"3.0kΩ (1s, 1.5MHz)",Resistor_SMD:R_0603_1608Metric,,0603WAF3001T5E,C4211,,,1,,,,
R2,10kΩ,Resistor_SMD:R_0603_1608Metric,Bourns,CR0603-FX-1002ELF,C840630,,https://www.lcsc.com/product-detail/C840630.html,1,,,,
R3,4.7kΩ,Resistor_SMD:R_0603_1608Metric,Walsin,WR06X4701FTL,C163914,,https://www.lcsc.com/product-detail/C163914.html,1,,,,
R4,4.7kΩ,Resistor_SMD:R_0603_1608Metric,Walsin,WR06X4701FTL,C163914,,https://www.lcsc.com/product-detail/C163914.html,1,,,,
R5,100kΩ,Resistor_SMD:R_0603_1608Metric,Yageo,0603WAF1003T5E,C25803,,,1,,,,
R6,100kΩ,Resistor_SMD:R_0603_1608Metric,Yageo,0603WAF1003T5E,C25803,,,1,,,,
R7,100kΩ,Resistor_SMD:R_0603_1608Metric,Yageo,0603WAF1003T5E,C25803,,,1,,,,
R8,205kΩ,Resistor_SMD:R_0603_1608Metric,Yageo,0603WAF2053T5E,C22949,,,1,,,,
R9,127kΩ,Resistor_SMD:R_0603_1608Metric,Yageo,RC0603FR-07127KL,,311-127KHRCT-ND,https://www.digikey.com/en/products/detail/yageo/RC0603FR-07127KL/726927,1,,,,
R10,100kΩ,Resistor_SMD:R_0603_1608Metric,Yageo,0603WAF1003T5E,C25803,,,1,,,,
R11,100kΩ,Resistor_SMD:R_0603_1608Metric,Yageo,0603WAF1003T5E,C25803,,,1,,,,
R12,154kΩ,Resistor_SMD:R_0603_1608Metric,Yageo,0603WAF1543T5E,C22881,,,1,,,,
R13,174kΩ,Resistor_SMD:R_0603_1608Metric,Yageo,1-2176090-3,C2092939,,,1,,,,
R14,220kΩ,Resistor_SMD:R_0603_1608Metric,Yageo,0603WAF2203T5E,C22961,,,1,,,,
R15,69.8kΩ,Resistor_SMD:R_0603_1608Metric,Yageo,0603WAF6982T5E,C23098,,,1,,,,
R16,12.1kΩ,Resistor_SMD:R_0603_1608Metric,Yageo,0603WAF1212T5E,C22864,,,1,,,,
R17,100kΩ,Resistor_SMD:R_0603_1608Metric,Yageo,0603WAF1003T5E,C25803,,,1,,,,
R18,47kΩ,Resistor_SMD:R_0603_1608Metric,Yageo,RC0603FR-0747KL,C105579,,,1,,,,
R19,47kΩ,Resistor_SMD:R_0603_1608Metric,,RC0603FR-0747KL,C105579,,,1,,,,
R20,47kΩ,Resistor_SMD:R_0603_1608Metric,,RC0603FR-0747KL,C105579,,,1,,,,
R21,47kΩ,Resistor_SMD:R_0603_1608Metric,,RC0603FR-0747KL,C105579,,,1,,,,
R22,47kΩ,Resistor_SMD:R_0603_1608Metric,Yageo,RC0603FR-0747KL,C105579,,,1,,,,
R23,47kΩ,Resistor_SMD:R_0603_1608Metric,,RC0603FR-0747KL,C105579,,,1,,,,
R25,10kΩ,Resistor_SMD:R_0603_1608Metric,UNI-ROYAL,0603WAF1002T5E,C25804,,,1,,,,
R26,47kΩ,Resistor_SMD:R_0603_1608Metric,,RC0603FR-0747KL,C105579,,,1,,,,
R27,4.7kΩ,Resistor_SMD:R_0603_1608Metric,Walsin,WR06X4701FTL,C163914,,https://www.lcsc.com/product-detail/C163914.html,1,,,,
R28,110Ω,Resistor_SMD:R_0603_1608Metric,Viking Tech,ARG03FTC1100,C217696,,https://www.lcsc.com/product-detail/C217696.html,1,,,,
R29,120Ω,Resistor_SMD:R_0603_1608Metric,Yageo,0603WAF1200T5E,C22787,,,1,,,,
R30,22Ω,Resistor_SMD:R_0603_1608Metric,Yageo,0603WAF220JT5E,C23345,,,1,,,,
R31,10kΩ,Resistor_SMD:R_0603_1608Metric,UNI-ROYAL,0603WAF1002T5E,C25804,,,1,,,,
R32,10kΩ,Resistor_SMD:R_0603_1608Metric,UNI-ROYAL,0603WAF1002T5E,C25804,,,1,,,,
R33,10kΩ,Resistor_SMD:R_0603_1608Metric,UNI-ROYAL,0603WAF1002T5E,C25804,,,1,,,,
R34,100kΩ,Resistor_SMD:R_0603_1608Metric,Yageo,0603WAF1003T5E,C25803,,,1,,,,
R35,180kΩ,Resistor_SMD:R_0603_1608Metric,Yageo,RC0603FR-07180KL,C123419,,https://www.lcsc.com/product-detail/C123419.html,1,,,,
R36,10kΩ,Resistor_SMD:R_0603_1608Metric,UNI-ROYAL,0603WAF1002T5E,C25804,,,1,,,,
R37,10kΩ,Resistor_SMD:R_0603_1608Metric,UNI-ROYAL,0603WAF1002T5E,C25804,,,1,,,,
R38,47kΩ,Resistor_SMD:R_0603_1608Metric,,RC0603FR-0747KL,C105579,,,1,,,,
R39,56kΩ ±1%,Resistor_SMD:R_0603_1608Metric,,0603WAF5602T5E,C23206,,,1,,,,
R40,5.1kΩ,Resistor_SMD:R_0603_1608Metric,,0603WAF5101T5E,C23186,,,1,,,,
R41,5.1kΩ,Resistor_SMD:R_0603_1608Metric,,0603WAF5101T5E,C23186,,,1,,,,
R42,4.7kΩ,Resistor_SMD:R_0603_1608Metric,Walsin,WR06X4701FTL,C163914,,https://www.lcsc.com/product-detail/C163914.html,1,,,,
R43,10Ω,Resistor_SMD:R_0603_1608Metric,Yageo,RC0603FR-0710RL,C109318,,https://www.lcsc.com/product-detail/C109318.html,1,,,,
R44,47kΩ,Resistor_SMD:R_0603_1608Metric,,0603WAF4702T5E,C25819,,,1,,,,
R45,50Ω,Resistor_SMD:R_0805_2012Metric,,AR05DTBW0500,C2828807,,,1,,,,
R46,50Ω,Resistor_SMD:R_0805_2012Metric,,AR05DTBW0500,C2828807,,,1,,,,
R47,10kΩ,Resistor_SMD:R_0603_1608Metric,Bourns,CR0603-FX-1002ELF,C840630,,https://www.lcsc.com/product-detail/C840630.html,1,,,,
R48,52.3Ω,Resistor_SMD:R_0402_1005Metric,,0402WGF523JTCE,C114978,,,1,,,,
R49,52.3Ω,Resistor_SMD:R_0402_1005Metric,,0402WGF523JTCE,C114978,,,1,,,,
R50,10kΩ,Resistor_SMD:R_0603_1608Metric,Bourns,CR0603-FX-1002ELF,C840630,,https://www.lcsc.com/product-detail/C840630.html,1,,,,
R51,52.3Ω,Resistor_SMD:R_0402_1005Metric,,0402WGF523JTCE,C114978,,,1,,,,
R52,10kΩ,Resistor_SMD:R_0603_1608Metric,Bourns,CR0603-FX-1002ELF,C840630,,https://www.lcsc.com/product-detail/C840630.html,1,,,,
R53,10kΩ,Resistor_SMD:R_0603_1608Metric,Bourns,CR0603-FX-1002ELF,C840630,,https://www.lcsc.com/product-detail/C840630.html,1,,,,
R54,10kΩ,Resistor_SMD:R_0603_1608Metric,Bourns,CR0603-FX-1002ELF,C840630,,https://www.lcsc.com/product-detail/C840630.html,1,,,,
R55,10kΩ,Resistor_SMD:R_0603_1608Metric,Bourns,CR0603-FX-1002ELF,C840630,,https://www.lcsc.com/product-detail/C840630.html,1,,,,
R56,100kΩ,Resistor_SMD:R_0603_1608Metric,Yageo,0603WAF1003T5E,C25803,,,1,,,,
R57,20kΩ,Resistor_SMD:R_0603_1608Metric,Vishay Dale,CRCW060320K0FKEA,C844923,,https://www.lcsc.com/product-detail/C844923.html,1,,,,
R58,100kΩ,Resistor_SMD:R_0603_1608Metric,Yageo,0603WAF1003T5E,C25803,,,1,,,,
R59,20kΩ,Resistor_SMD:R_0603_1608Metric,Vishay Dale,CRCW060320K0FKEA,C844923,,https://www.lcsc.com/product-detail/C844923.html,1,,,,
R60,100kΩ,Resistor_SMD:R_0603_1608Metric,Yageo,0603WAF1003T5E,C25803,,,1,,,,
R61,20kΩ,Resistor_SMD:R_0603_1608Metric,Vishay Dale,CRCW060320K0FKEA,C844923,,https://www.lcsc.com/product-detail/C844923.html,1,,,,
R62,4.7kΩ,Resistor_SMD:R_0603_1608Metric,Walsin,WR06X4701FTL,C163914,,https://www.lcsc.com/product-detail/C163914.html,1,,,,
R63,4.7kΩ,Resistor_SMD:R_0603_1608Metric,Walsin,WR06X4701FTL,C163914,,https://www.lcsc.com/product-detail/C163914.html,1,,,,
R64,10kΩ,Resistor_SMD:R_0603_1608Metric,Bourns,CR0603-FX-1002ELF,C840630,,https://www.lcsc.com/product-detail/C840630.html,1,,,,
R65,22Ω,Resistor_SMD:R_0603_1608Metric,,RC0603FR-0722RL,C107701,,,1,,,,
R66,22Ω,Resistor_SMD:R_0603_1608Metric,Yageo,RC0603FR-0722RL,C107701,,,1,,,,
R67,33Ω,Resistor_SMD:R_0603_1608Metric,Yageo,0603WAF330JT5E,C23140,,,1,,,,
R68,22Ω,Resistor_SMD:R_0603_1608Metric,Yageo,RC0603FR-0722RL,C107701,,,1,,,,
R69,22Ω,Resistor_SMD:R_0603_1608Metric,Yageo,RC0603FR-0722RL,C107701,,,1,,,,
R70,10Ω,Resistor_SMD:R_0603_1608Metric,Yageo,RC0603FR-0710RL,C109318,,https://www.lcsc.com/product-detail/C109318.html,1,,,,
R71,1kΩ,Resistor_SMD:R_0603_1608Metric,Panasonic,ERJ3EKF1001V,C118155,,https://www.lcsc.com/product-detail/C118155.html,1,,,,
R72,1kΩ,Resistor_SMD:R_0603_1608Metric,Panasonic,ERJ3EKF1001V,C118155,,https://www.lcsc.com/product-detail/C118155.html,1,,,,
R73,1kΩ,Resistor_SMD:R_0603_1608Metric,Panasonic,ERJ3EKF1001V,C118155,,https://www.lcsc.com/product-detail/C118155.html,1,,,,
R74,10kΩ,Resistor_SMD:R_0603_1608Metric,Bourns,CR0603-FX-1002ELF,C840630,,https://www.lcsc.com/product-detail/C840630.html,1,,,,
R75,10kΩ,Resistor_SMD:R_0603_1608Metric,Bourns,CR0603-FX-1002ELF,C840630,,https://www.lcsc.com/product-detail/C840630.html,1,,,,
R76,10kΩ,Resistor_SMD:R_0603_1608Metric,UNI-ROYAL,0603WAF1002T5E,C25804,,,1,,,,
R77,22Ω,Resistor_SMD:R_0603_1608Metric,Yageo,0603WAF220JT5E,C23345,,,1,,,,
R78,22Ω,Resistor_SMD:R_0603_1608Metric,Yageo,0603WAF220JT5E,C23345,,,1,,,,
R79,22Ω,Resistor_SMD:R_0603_1608Metric,Yageo,0603WAF220JT5E,C23345,,,1,,,,
R80,22Ω,Resistor_SMD:R_0603_1608Metric,Yageo,0603WAF220JT5E,C23345,,,1,,,,
R81,22Ω,Resistor_SMD:R_0603_1608Metric,Yageo,0603WAF220JT5E,C23345,,,1,,,,
R82,22Ω,Resistor_SMD:R_0603_1608Metric,Yageo,0603WAF220JT5E,C23345,,,1,,,,
R83,22Ω,Resistor_SMD:R_0603_1608Metric,Yageo,0603WAF220JT5E,C23345,,,1,,,,
R84,10kΩ,Resistor_SMD:R_0603_1608Metric,Bourns,CR0603-FX-1002ELF,C840630,,https://www.lcsc.com/product-detail/C840630.html,1,,,,
R85,100kΩ,Resistor_SMD:R_0603_1608Metric,Yageo,0603WAF1003T5E,C25803,,,1,,,,
R86,402kΩ,Resistor_SMD:R_0603_1608Metric,Yageo,0603WAF4023T5E,C23048,,,1,,,,
R87,100kΩ,Resistor_SMD:R_0603_1608Metric,Yageo,0603WAF1003T5E,C25803,,,1,,,,
R88,10kΩ,Resistor_SMD:R_0603_1608Metric,Bourns,CR0603-FX-1002ELF,C840630,,https://www.lcsc.com/product-detail/C840630.html,1,,,,
R89,3.3kΩ,Resistor_SMD:R_0603_1608Metric,Yageo,0603WAF3301T5E,C22978,,,1,,,,
R90,10kΩ,Resistor_SMD:R_0603_1608Metric,Bourns,CR0603-FX-1002ELF,C840630,,https://www.lcsc.com/product-detail/C840630.html,1,,,,
R91,100kΩ,Resistor_SMD:R_0603_1608Metric,Yageo,0603WAF1003T5E,C25803,,,1,,,,
R92,100kΩ,Resistor_SMD:R_0603_1608Metric,Yageo,0603WAF1003T5E,C25803,,,1,,,,
R93,402kΩ,Resistor_SMD:R_0603_1608Metric,Yageo,0603WAF4023T5E,C23048,,,1,,,,
R94,10kΩ,Resistor_SMD:R_0603_1608Metric,Bourns,CR0603-FX-1002ELF,C840630,,https://www.lcsc.com/product-detail/C840630.html,1,,,,
R95,3.3kΩ,Resistor_SMD:R_0603_1608Metric,Yageo,0603WAF3301T5E,C22978,,,1,,,,
R96,10kΩ,Resistor_SMD:R_0603_1608Metric,Bourns,CR0603-FX-1002ELF,C840630,,https://www.lcsc.com/product-detail/C840630.html,1,,,,
R97,4.7kΩ,Resistor_SMD:R_0603_1608Metric,Walsin,WR06X4701FTL,C163914,,https://www.lcsc.com/product-detail/C163914.html,1,,,,
R98,4.7kΩ,Resistor_SMD:R_0603_1608Metric,Walsin,WR06X4701FTL,C163914,,https://www.lcsc.com/product-detail/C163914.html,1,,,,
R99,200kΩ,Resistor_SMD:R_0603_1608Metric,Panasonic,ERJ3EKF2003V,C118142,,https://www.lcsc.com/product-detail/C118142.html,1,,,,
R100,10kΩ,Resistor_SMD:R_0603_1608Metric,Bourns,CR0603-FX-1002ELF,C840630,,https://www.lcsc.com/product-detail/C840630.html,1,,,,
R101,20kΩ,Resistor_SMD:R_0603_1608Metric,Vishay,CRCW060320K0FKEA,C844923,,,1,,,,
R102,10kΩ,Resistor_SMD:R_0603_1608Metric,UNI-ROYAL,0603WAF1002T5E,C25804,,,1,,,,
R103,100kΩ,Resistor_SMD:R_0603_1608Metric,UNI-ROYAL,0603WAF1003T5E,C25803,,,1,,,,
R104,5.1kΩ,Resistor_SMD:R_0603_1608Metric,,0603WAF330JT5E,C23140,,,1,,,,
R105,100kΩ,Resistor_SMD:R_0603_1608Metric,Yageo,0603WAF1003T5E,C25803,,,1,,,,
R106,560Ω,Resistor_SMD:R_0603_1608Metric,Yageo,0603WAF5600T5E,C23204,,,1,,,,
R107,560Ω,Resistor_SMD:R_0603_1608Metric,Yageo,0603WAF5600T5E,C23204,,,1,,,,
R108,10kΩ,Resistor_SMD:R_0603_1608Metric,Bourns,CR0603-FX-1002ELF,C840630,,https://www.lcsc.com/product-detail/C840630.html,1,,,,
R109,10kΩ,Resistor_SMD:R_0603_1608Metric,Bourns,CR0603-FX-1002ELF,C840630,,https://www.lcsc.com/product-detail/C840630.html,1,,,,
R110,10kΩ,Resistor_SMD:R_0603_1608Metric,,0603WAF330JT5E,C23140,,,1,,,,
R111,10kΩ,Resistor_SMD:R_0603_1608Metric,,0603WAF330JT5E,C23140,,,1,,,,
R112,10kΩ,Resistor_SMD:R_0603_1608Metric,,0603WAF330JT5E,C23140,,,1,,,,
R113,10kΩ,Resistor_SMD:R_0603_1608Metric,,0603WAF330JT5E,C23140,,,1,,,,
R114,10kΩ,Resistor_SMD:R_0603_1608Metric,,0603WAF330JT5E,C23140,,,1,,,,
R115,10kΩ,Resistor_SMD:R_0603_1608Metric,,0603WAF330JT5E,C23140,,,1,,,,
R116,10kΩ,Resistor_SMD:R_0603_1608Metric,,0603WAF330JT5E,C23140,,,1,,,,
R117,10kΩ,Resistor_SMD:R_0603_1608Metric,,0603WAF330JT5E,C23140,,,1,,,,
R118,10kΩ,Resistor_SMD:R_0603_1608Metric,,0603WAF330JT5E,C23140,,,1,,,,
R119,10kΩ,Resistor_SMD:R_0603_1608Metric,,0603WAF330JT5E,C23140,,,1,,,,
R120,10kΩ,Resistor_SMD:R_0603_1608Metric,,0603WAF330JT5E,C23140,,,1,,,,
R121,10kΩ,Resistor_SMD:R_0603_1608Metric,,0603WAF330JT5E,C23140,,,1,,,,
R122,10kΩ,Resistor_SMD:R_0603_1608Metric,,0603WAF330JT5E,C23140,,,1,,,,
R123,10kΩ,Resistor_SMD:R_0603_1608Metric,,0603WAF330JT5E,C23140,,,1,,,,
R124,10kΩ,Resistor_SMD:R_0603_1608Metric,UNI-ROYAL,0603WAF1002T5E,C25804,,,1,,0.0084,0.0084,"JLC CLI live lookup, 2026-08-13"
R125,10kΩ,Resistor_SMD:R_0603_1608Metric,,0603WAF330JT5E,C23140,,,1,,,,
R126,10kΩ,Resistor_SMD:R_0603_1608Metric,,0603WAF330JT5E,C23140,,,1,,,,
R127,10kΩ,Resistor_SMD:R_0603_1608Metric,,0603WAF330JT5E,C23140,,,1,,,,
R128,10kΩ,Resistor_SMD:R_0603_1608Metric,,0603WAF330JT5E,C23140,,,1,,,,
R129,10kΩ,Resistor_SMD:R_0603_1608Metric,,0603WAF330JT5E,C23140,,,1,,,,
R130,10kΩ,Resistor_SMD:R_0603_1608Metric,UNI-ROYAL,0603WAF1002T5E,C25804,,,1,,,,
R131,10kΩ,Resistor_SMD:R_0603_1608Metric,UNI-ROYAL,0603WAF1002T5E,C25804,,,1,,,,
R132,4.7kΩ,Resistor_SMD:R_0603_1608Metric,,0603WAF330JT5E,C23140,,,1,,,,
R133,4.7kΩ,Resistor_SMD:R_0603_1608Metric,,0603WAF330JT5E,C23140,,,1,,,,
R134,10kΩ,Resistor_SMD:R_0603_1608Metric,Bourns,CR0603-FX-1002ELF,C840630,,https://www.lcsc.com/product-detail/C840630.html,1,,,,
R135,10kΩ,Resistor_SMD:R_0603_1608Metric,Bourns,CR0603-FX-1002ELF,C840630,,https://www.lcsc.com/product-detail/C840630.html,1,,,,
R136,10kΩ,Resistor_SMD:R_0603_1608Metric,Bourns,CR0603-FX-1002ELF,C840630,,https://www.lcsc.com/product-detail/C840630.html,1,,,,
R137,10kΩ,Resistor_SMD:R_0603_1608Metric,Bourns,CR0603-FX-1002ELF,C840630,,https://www.lcsc.com/product-detail/C840630.html,1,,,,
R138,10kΩ,Resistor_SMD:R_0603_1608Metric,Bourns,CR0603-FX-1002ELF,C840630,,https://www.lcsc.com/product-detail/C840630.html,1,,,,
R139,10kΩ,Resistor_SMD:R_0603_1608Metric,Bourns,CR0603-FX-1002ELF,C840630,,https://www.lcsc.com/product-detail/C840630.html,1,,,,
R140,10kΩ,Resistor_SMD:R_0603_1608Metric,Bourns,CR0603-FX-1002ELF,C840630,,https://www.lcsc.com/product-detail/C840630.html,1,,,,
R141,10kΩ,Resistor_SMD:R_0603_1608Metric,Bourns,CR0603-FX-1002ELF,C840630,,https://www.lcsc.com/product-detail/C840630.html,1,,,,
RJ1,HR915350C,slate113:RJ45-TH_HR915350C_1,HANRUN(汉仁),HR915350C,C19724773,,https://www.lcsc.com/datasheet/C19724773.pdf,1,,,,
SW1,SW_Push,slate113:KEY-SMD_KMR2XXGXXX,C&K,KMR231GLFS,C99271,,,1,,,,
SW2,SW_Push,slate113:KEY-SMD_KMR2XXGXXX,C&K,KMR231GLFS,C99271,,,1,,,,
SW3,SW_Push,slate113:KEY-SMD_KMR2XXGXXX,C&K,KMR231GLFS,C99271,,,1,,,,
SW4,SW_Push,slate113:KEY-SMD_KMR2XXGXXX,C&K,KMR231GLFS,C99271,,,1,,,,
U1,FUSB302BMPX,slate113:MLP-14_L2.5-W2.5-P0.50-BL-EP,onsemi(安森美),FUSB302BMPX,C132291,,https://lcsc.com/product-detail/USB_ON_FUSB302BMPX_FUSB302BMPX_C132291.html,1,,,,
U2,CH224K,Package_SO:SSOP-10-1EP_3.9x4.9mm_P1mm_EP2.1x3.3mm,LCSC,CH224K,C970725,,https://www.wch.cn/downloads/file/301.html,1,,,,
U3,BQ25792RQMR,slate113:QFN-29_L4.0-W4.0-P0.40-TL-BQ25792RQMR,TI(德州仪器),BQ25792RQMR,C2862876,,https://www.lcsc.com/datasheet/C2862876.pdf,1,,,,
U4,AP2112K-3.3TRG1,slate113:SOT-25-5_L2.9-W1.6-P0.95-LS2.8-BL,DIODES(美台),AP2112K-3.3TRG1,C51118,,https://lcsc.com/product-detail/Low-Dropout-Regulators-LDO_DIODES_AP2112K-3-3TRG1_AP2112K-3-3TRG1_C51118.html,1,,,,
U5,AP2112K-1.8TRG1,slate113:SOT-25_L3.0-W1.6-P0.95-LS2.8-BL,DIODES(美台),AP2112K-1.8TRG1,C176944,,https://lcsc.com/product-detail/presales_Diodes-Incorporated-AP2112K-1-8TRG1_C176944.html,1,,,,
U6,LP8556SQ-E09/NOPB,slate113:WQFN-24_L4.0-W4.0-P0.50-BL-EP2.5,TI(德州仪器),LP8556SQ-E09/NOPB,C2679180,,https://www.lcsc.com/datasheet/C2679180.pdf,1,,,,
U7,HD3SS3220RNHR,slate113:WQFN-30_L4.5-W2.5-P0.4-BL-EP,TI(德州仪器),HD3SS3220RNHR,C165155,,https://lcsc.com/product-detail/PMIC-Battery-Management_TI_HD3SS3220RNHR_HD3SS3220RNHR_C165155.html,1,,,,
U8,ESD7104MUTAG_C2987068,slate113:DFN-10_L2.5-W1.0-P0.50-BL,TECH PUBLIC(台舟),ESD7104MUTAG,C2987068,,https://www.lcsc.com/datasheet/C2987068.pdf,1,,,,
U9,TPS61088RHLR,slate113:VQFN-20_L4.6-W3.6-P0.50-BL,TI(德州仪器),TPS61088RHLR,C87357,,https://lcsc.com/product-detail/DC-DC-Converters_TI_TPS61088RHLR_TPS61088RHLR_C87357.html,1,,,,
U10,TS3A24159DGSR,slate113:MSOP-10_L3.0-W3.0-P0.50-LS5.0-BL,TI(德州仪器),TS3A24159DGSR,C129329,,https://lcsc.com/product-detail/Analog-Switches_TI_TS3A24159DGSR_TS3A24159DGSR_C129329.html,1,,,,
U11,SiP32508DT,Package_TO_SOT_SMD:TSOT-23-6,LCSC,SIP32508DT-T1-GE3,C139515,,https://www.vishay.com/docs/62754/sip32508.pdf,1,,,,
U12,PI3USB302-AZBEX,slate113:DHVQFN-20_L4.5-W2.5-P0.50-BL-EP,DIODES(美台),PI3USB302-AZBEX,C500787,,https://www.lcsc.com/datasheet/C500787.pdf,1,,,,
U13,W25Q32JVSSIQ,slate113:SOIC-8_L5.3-W5.3-P1.27-LS8.0-BL,Winbond(华邦),W25Q32JVSSIQ,C179173,,https://lcsc.com/product-detail/New-Arrivals_Winbond-Elec-W25Q32JVSSIQ_C179173.html,1,,,,
U14,SiP32508DT,Package_TO_SOT_SMD:TSOT-23-6,LCSC,SIP32508DT-T1-GE3,C139515,,https://www.vishay.com/docs/62754/sip32508.pdf,1,,,,
U15,TS5A23157DGSR,slate113:MSOP-10_L3.0-W3.0-P0.50-LS5.0-BL,TI(德州仪器),TS5A23157DGSR,C11133,,https://lcsc.com/product-detail/Logic-ICs_TI_TS5A23157DGSR_TS5A23157DGSR_C11133.html,1,,,,
U17,SiP32508DT,Package_TO_SOT_SMD:TSOT-23-6,LCSC,SIP32508DT-T1-GE3,C139515,,https://www.vishay.com/docs/62754/sip32508.pdf,1,,,,
U18,GL3523-OTY3C,slate113:QFN-76_L9.0-W9.0-P0.40-BL-EP5.8,GENESYS(创惟),GL3523-OTY3C,C19725282,,https://www.lcsc.com/datasheet/C19725282.pdf,1,,,,
U19,TXM27.12M0004322DBBDO00T,slate113:CRYSTAL-SMD_4P-L3.2-W2.5-BL,ABRACON,ABM8-272-T3,C20625731,,https://www.lcsc.com/datasheet/C20625731.pdf,1,,,,
U20,CC1101RGPR,slate113:QFN-20_L4.0-W4.0-P0.5-TL-EP,TI(德州仪器),CC1101RGPR,C29953,,https://lcsc.com/product-detail/RF-Transceiver-ICs_TI_CC1101RGPR_CC1101RGPR_C29953.html,1,,,,
U22,LC29HBA,slate113:LC29H,Quectel,LC29HBAMD,,2958-LC29HBAMDTR-ND,,1,,,,
U23,EM4095HMSO16B+,slate113:SOIC-16_L9.9-W3.9-P1.27-LS6.0-BL,EM Microelectronic,EM4095HMSO16B+,,2651-EM4095HMSO16B+CT-ND,https://www.lcsc.com/datasheet/C17203964.pdf,1,,,,
U24,PE4259-63,slate113:SC-70-6_L2.2-W1.3-P0.65-LS2.1-BL,pSemi(游隼半导体),PE4259-63,C470892,1046-1011-1-ND,https://lcsc.com/product-detail/RF-Switches_PS-PE4259-63_C470892.html,1,,,,
U25,PE4259-63,slate113:SC-70-6_L2.2-W1.3-P0.65-LS2.1-BL,pSemi(游隼半导体),PE4259-63,C470892,1046-1011-1-ND,https://lcsc.com/product-detail/RF-Switches_PS-PE4259-63_C470892.html,1,,,,
U26,PE4259-63,slate113:SC-70-6_L2.2-W1.3-P0.65-LS2.1-BL,pSemi(游隼半导体),PE4259-63,C470892,1046-1011-1-ND,https://lcsc.com/product-detail/RF-Switches_PS-PE4259-63_C470892.html,1,,,,
U27,PE4259-63,slate113:SC-70-6_L2.2-W1.3-P0.65-LS2.1-BL,pSemi(游隼半导体),PE4259-63,C470892,1046-1011-1-ND,https://lcsc.com/product-detail/RF-Switches_PS-PE4259-63_C470892.html,1,,,,
U28,0433BM15A0001001E,slate113:SMD6_0896BM15A0001001E_JOT,Johanson,0433BM15A0001001E,,712-0433BM15A0001001ECT-ND,0896BM15A0001001E,1,,,,
U29,PN7160A1HN/C100E,slate113:HVQFN-40_L6.0-W6.0-P0.50-BL-EP4.1,NXP(恩智浦),PN7160A1HN/C100E,,568-PN7160A1HN/C100E-ND,https://www.lcsc.com/datasheet/C3303790.pdf,1,,,,
U30,PE4259-63,slate113:SC-70-6_L2.2-W1.3-P0.65-LS2.1-BL,pSemi(游隼半导体),PE4259-63,C470892,1046-1011-1-ND,https://lcsc.com/product-detail/RF-Switches_PS-PE4259-63_C470892.html,1,,,,
U31,S2B-PH-K-S-GW,slate113:CONN-TH_S2B-PH-K-S-GW,JST,S2B-PH-K-S-GW,C157932,,https://lcsc.com/product-detail/PH-Connectors_JST_S2B-PH-K-S-GW_PHsocket-1-2P-Curved-needle-pitch2mm_C157932.html,1,,,,
U32,S2B-PH-K-S-GW,slate113:CONN-TH_S2B-PH-K-S-GW,JST,S2B-PH-K-S-GW,C157932,,https://lcsc.com/product-detail/PH-Connectors_JST_S2B-PH-K-S-GW_PHsocket-1-2P-Curved-needle-pitch2mm_C157932.html,1,,,,
U33,ESP32-S3-WROOM-1U-N16R2,slate113:WIRELM-SMD_ESP32-S3-WROOM-1U,ESPRESSIF(乐鑫),ESP32-S3-WROOM-1U-N8,C2980297,,https://www.lcsc.com/datasheet/C2980297.pdf,1,,,,
U35,SiP32508DT,Package_TO_SOT_SMD:TSOT-23-6,LCSC,SIP32508DT-T1-GE3,C139515,,https://www.vishay.com/docs/62754/sip32508.pdf,1,,,,
U36,PE4259-63,slate113:SC-70-6_L2.2-W1.3-P0.65-LS2.1-BL,pSemi(游隼半导体),PE4259-63,C470892,1046-1011-1-ND,https://lcsc.com/product-detail/RF-Switches_PS-PE4259-63_C470892.html,1,,,,
U37,CPL0605AT13R2455A,slate113:CPL0605AT13R2455A,Pulse Electronics,CPL0605AT13R2455A,,553-CPL0605AT13R2455ATR-ND,https://www.digikey.ca/en/products/detail/pulse-electronics/CPL0605AT13R2455A/15204578,1,,,,
U38,X4C60K1-20SR,slate113:X4C60K1-20S,"TTM Technologies, Inc.",X4C60K1-20SR,,1173-X4C60K1-20SRTR-ND,,1,,,,
U39,XEC24P3-30GR,slate113:XEC24P3-30G,"TTM Technologies, Inc.",XEC24P3-30GR,,1173-XEC24P3-30GRTR-ND,https://media.digikey.com/pdf/Data%20Sheets/Anaren%20PDFs/XEC24P3-30G.pdf,1,,,,
U40,AD8317ACPZ-R7,slate113:LFCSP-8_L3.0-W2.0-P0.50-BL-EP,ADI(亚德诺),AD8317ACPZ-R7,C578693,,https://lcsc.com/product-detail/Pre-ordered-Products_Analog-Devices_AD8317ACPZ-R7_Analog-Devices-ADI-LINEAR-AD8317ACPZ-R7_C578693.html,1,,,,
U41,AD8317ACPZ-R7,slate113:LFCSP-8_L3.0-W2.0-P0.50-BL-EP,ADI(亚德诺),AD8317ACPZ-R7,C578693,,https://lcsc.com/product-detail/Pre-ordered-Products_Analog-Devices_AD8317ACPZ-R7_Analog-Devices-ADI-LINEAR-AD8317ACPZ-R7_C578693.html,1,,,,
U42,AD8317ACPZ-R7,slate113:LFCSP-8_L3.0-W2.0-P0.50-BL-EP,ADI(亚德诺),AD8317ACPZ-R7,C578693,,https://lcsc.com/product-detail/Pre-ordered-Products_Analog-Devices_AD8317ACPZ-R7_Analog-Devices-ADI-LINEAR-AD8317ACPZ-R7_C578693.html,1,,,,
U43,LM339D,slate113:SOIC-14_L8.7-W3.9-P1.27-LS6.0-BL,TI(德州仪器),LM339D,C350549,,https://lcsc.com/product-detail/Others_Texas-Instruments-TI-LM339D_C350549.html,1,,,,
U44,TS5A23157DGSR,slate113:MSOP-10_L3.0-W3.0-P0.50-LS5.0-BL,TI(德州仪器),TS5A23157DGSR,C11133,,https://lcsc.com/product-detail/Logic-ICs_TI_TS5A23157DGSR_TS5A23157DGSR_C11133.html,1,,,,
U45,TS5A23157DGSR,slate113:MSOP-10_L3.0-W3.0-P0.50-LS5.0-BL,TI(德州仪器),TS5A23157DGSR,C11133,,https://lcsc.com/product-detail/Logic-ICs_TI_TS5A23157DGSR_TS5A23157DGSR_C11133.html,1,,,,
U46,TS5A23157DGSR,slate113:MSOP-10_L3.0-W3.0-P0.50-LS5.0-BL,TI(德州仪器),TS5A23157DGSR,C11133,,https://lcsc.com/product-detail/Logic-ICs_TI_TS5A23157DGSR_TS5A23157DGSR_C11133.html,1,,,,
U47,ES8388,slate113:QFN-28_L4.0-W4.0-P0.45-BL-EP,Everest-semi(顺芯),ES8388,C365736,,https://lcsc.com/product-detail/Codec-ICs_Everest-Semiconductor-ES8388_C365736.html,1,,,,
U48,TS5A23157DGSR,slate113:MSOP-10_L3.0-W3.0-P0.50-LS5.0-BL,TI(德州仪器),TS5A23157DGSR,C11133,,https://lcsc.com/product-detail/Logic-ICs_TI_TS5A23157DGSR_TS5A23157DGSR_C11133.html,1,,,,
U49,TS5A23157DGSR,slate113:MSOP-10_L3.0-W3.0-P0.50-LS5.0-BL,TI(德州仪器),TS5A23157DGSR,C11133,,https://lcsc.com/product-detail/Logic-ICs_TI_TS5A23157DGSR_TS5A23157DGSR_C11133.html,1,,,,
U50,PAM8302AASCR,slate113:MSOP-8_L3.0-W3.0-P0.65-LS5.0-BL,DIODES(美台),PAM8302AASCR,C113367,,https://lcsc.com/product-detail/Audio-OpAmps_DIODES_PAM8302AASCR_PAM8302AASCR_C113367.html,1,,,,
U51,PAM8302AASCR,slate113:MSOP-8_L3.0-W3.0-P0.65-LS5.0-BL,DIODES(美台),PAM8302AASCR,C113367,,https://lcsc.com/product-detail/Audio-OpAmps_DIODES_PAM8302AASCR_PAM8302AASCR_C113367.html,1,,,,
U52,TPS7A0233PDBVR,slate113:SOT-23-5_L2.9-W1.6-P0.95-LS2.8-BR,TI(德州仪器),TPS7A0233PDBVR,C2887324,,https://www.lcsc.com/datasheet/C2887324.pdf,1,,,,
U54,SiP32508DT,Package_TO_SOT_SMD:TSOT-23-6,LCSC,SIP32508DT-T1-GE3,C139515,,https://www.vishay.com/docs/62754/sip32508.pdf,1,,,,
U55,TCA9534APWR,slate113:TSSOP-16_L5.0-W4.4-P0.65-LS6.4-BL,TI(德州仪器),TCA9534APWR,C206010,,https://lcsc.com/product-detail/I-O-Expansion_TI_TCA9534APWR_TCA9534APWR_C206010.html,1,,,,
U56,TS3A24159DGSR,slate113:MSOP-10_L3.0-W3.0-P0.50-LS5.0-BL,TI(德州仪器),TS3A24159DGSR,C129329,,https://lcsc.com/product-detail/Analog-Switches_TI_TS3A24159DGSR_TS3A24159DGSR_C129329.html,1,,,,
U57,TS3A24159DGSR,slate113:MSOP-10_L3.0-W3.0-P0.50-LS5.0-BL,TI(德州仪器),TS3A24159DGSR,C129329,,https://lcsc.com/product-detail/Analog-Switches_TI_TS3A24159DGSR_TS3A24159DGSR_C129329.html,1,,,,p
U58,TS3A24159DGSR,slate113:MSOP-10_L3.0-W3.0-P0.50-LS5.0-BL,TI(德州仪器),TS3A24159DGSR,C129329,,https://lcsc.com/product-detail/Analog-Switches_TI_TS3A24159DGSR_TS3A24159DGSR_C129329.html,1,,,,
U59,TPS259470ARPWR,slate113:VQFN-10_L2.0-W2.0-P0.45-TL,TI(德州仪器),TPS259470ARPWR,C3662799,,https://www.lcsc.com/datasheet/C3662799.pdf,1,,,,
U60,TPS259470ARPWR,slate113:VQFN-10_L2.0-W2.0-P0.45-TL,TI(德州仪器),TPS259470ARPWR,C3662799,,https://www.lcsc.com/datasheet/C3662799.pdf,1,,,,
U61,TCA9534APWR,slate113:TSSOP-16_L5.0-W4.4-P0.65-LS6.4-BL,TI(德州仪器),TCA9534APWR,C206010,,https://lcsc.com/product-detail/I-O-Expansion_TI_TCA9534APWR_TCA9534APWR_C206010.html,1,,,,
U62,PCA9306DCUR,slate113:SSOP-8_L2.0-W2.3-P0.50-LS3.1-BR,TI(德州仪器),PCA9306DCUR,C33196,,https://lcsc.com/product-detail/Interface-ICs_TI_PCA9306DCUR_PCA9306DCUR_C33196.html,1,,,,
U63,AP2120N-2.8TRG1,slate113:SOT-23-3_L2.9-W1.3-P1.90-LS2.4-BR,DIODES(美台),AP2120N-2.8TRG1,C6500826,,https://www.lcsc.com/datasheet/C6500826.pdf,1,,,,
U64,TCA9535PWR,slate113:TSSOP-24_L7.8-W4.4-P0.65-LS6.4-BL,TI(德州仪器),TCA9535PWR,C130204,,https://lcsc.com/product-detail/Interface-ICs_TI_TCA9535PWR_TCA9535PWR_C130204.html,1,,,,
U65,MSM381ADB001,slate113:MIC-SMD_5P_L3.5-W2.7-P0.82_MSM381ADB001,MEMS(敏芯微),MSM381ADB001,C5375366,,https://www.lcsc.com/datasheet/C5375366.pdf,1,,,,
U66,DF40B-10DS-0.4V,slate113:CONN-SMD_10P-P0.40_DF40B-10DS-0.4V-51,HRS(广濑),DF40B-10DS-0.4V(51),C2846887,,https://www.lcsc.com/datasheet/C2846887.pdf,1,,,,
U67,SIP32508DT-T1-GE3,slate113:TSOT-23-6_L2.9-W1.6-P0.95-LS2.8-BR,VISHAY(威世),SIP32508DT-T1-GE3,C139515,,https://www.lcsc.com/datasheet/C139515.pdf,1,,,,
U68,SN74AHCT125PWR,slate113:TSSOP-14_L5.0-W4.4-P0.65-LS6.4-BL,TI(德州仪器),SN74AHCT125PWR,C36365,1727-6305-1-ND,https://www.ti.com/lit/ds/symlink/sn74ahct125.pdf,1,,,,
U69,TCA9535PWR,slate113:TSSOP-24_L7.8-W4.4-P0.65-LS6.4-BL,TI(德州仪器),TCA9535PWR,C130204,,https://lcsc.com/product-detail/Interface-ICs_TI_TCA9535PWR_TCA9535PWR_C130204.html,1,,,,
U70,SkyLab WG243,,SkyLab,WG243,,,,1,,13.30,13.30,"User vendor quote: module US$7.98 + shipping US$5.32; DDP excluded, 2026-08-13"
U71,SKY13373-460LF,slate113:QFN-12_L2.0-W2.0-P0.50-BL-EP,SKYWORKS,SKY13373-460LF,C150853,,https://lcsc.com/product-detail/RF-Switches_Skyworks-Solutions_SKY13373-460LF_Skyworks-Solutions-SKY13373-460LF_C150853.html,1,,,,
U72,SN74AXC1T45DCKR,slate113:SC-70-6_L2.0-W1.3-P0.65-LS2.1-BL-1,TI(德州仪器),SN74AXC1T45DCKR,C2677392,,https://www.lcsc.com/datasheet/C2677392.pdf,1,,,,
USB1,TYPE-C 24P QCHT,slate113:TYPE-C-SMD_TYPE-C-24P-QCHT,SHOU HAN(首韩),TYPE-C 24P QCHT,C456013,,https://lcsc.com/product-detail/USB-Connectors_SHOU-HAN-TYPE-C-24P-QCHT_C456013.html,1,,,,
USB2,TYPE-C16PIN,slate113:USB-C-SMD_TYPE-C16PIN,SHOU HAN(首韩),TYPE-C16PIN,C393939,,https://lcsc.com/product-detail/USB-Connectors_SHOU-HAN-TYPE-C16PIN_C393939.html,1,,,,
USB3,BX-TYPE-A-MWT4P,slate113:USB-A-SMD_BX-TYPE-A-MWT4P,Bossie(博锡),BX-TYPE-A-MWT4P,C18077687,,https://www.lcsc.com/datasheet/C18077687.pdf,1,,,,
Y2,25MHz,,YXC Crystal Oscillators,X322525MOB4SI,C9006,,,1,,0.0945,0.0945,"JLC CLI live lookup, 2026-08-13"
Y3,26.0MHz,slate113:CRYSTAL-SMD_4P-L3.2-W2.5-BL,DigiKey,X322526MMB4SI,C15192,,,1,,,,
CM5,"CM5 Pro (8GB LPDDR5, 64GB eMMC, WiFi 6 + BT 5.3)",Module — off-board purchase,ArmSoM,CM5 Pro,,,,1,,229.00,303.98,"User checkout: $229.00 item + $12.00 delivery + $62.98 sales tax, 2026-08-13"
