"Refs","Value","Footprint","Manufacturer","MPN","LCSC Part","DigiKey Part","Datasheet","Qty","DNP","Unit Price (USD)","Total Cost (USD)","Price Source"
"C18","1µF","Capacitor_SMD:C_0603_1608Metric","Taiyo Yuden","UMK107BJ105KA-T","C92848","","https://www.lcsc.com/product-detail/C92848.html","1","","","",""
"C20","10µF","Capacitor_SMD:C_0603_1608Metric","Samsung Electro-Mechanics","TCC0603X5R106M160CT","C380317","","","1","","","",""
"C143","3.3nF","Capacitor_SMD:C_0603_1608Metric","","CL10B332KB8NNNC","C1613","","","1","","","",""
"C144","1µF","Capacitor_SMD:C_0603_1608Metric","Taiyo Yuden","UMK107BJ105KA-T","C92848","","https://www.lcsc.com/product-detail/C92848.html","1","","","",""
"C145","10µF","Capacitor_SMD:C_0603_1608Metric","Samsung Electro-Mechanics","TCC0603X5R106M160CT","C380317","","","1","","","",""
"C146","3.3nF","Capacitor_SMD:C_0603_1608Metric","","CL10B332KB8NNNC","C1613","","","1","","","",""
"C148","100nF","Capacitor_SMD:C_0603_1608Metric","Samsung Electro-Mechanics","CL10B104KB8NNNC","C1591","","","1","","","",""
"C149","100nF","Capacitor_SMD:C_0603_1608Metric","Samsung Electro-Mechanics","CL10B104KB8NNNC","C1591","","","1","","","",""
"C151","100nF","Capacitor_SMD:C_0603_1608Metric","Samsung Electro-Mechanics","CL10B104KB8NNNC","C1591","","","1","","","",""
"C152","100nF","Capacitor_SMD:C_0603_1608Metric","Samsung Electro-Mechanics","CL10B104KB8NNNC","C1591","","","1","","","",""
"C153","100nF","Capacitor_SMD:C_0603_1608Metric","Samsung Electro-Mechanics","CL10B104KB8NNNC","C1591","","","1","","","",""
"C154","100nF","Capacitor_SMD:C_0603_1608Metric","Samsung Electro-Mechanics","CL10B104KB8NNNC","C1591","","","1","","","",""
"CN5","DF40C-40DP-0.4V","slate113:CONN-SMD_DF40C-40DP-0.4V","HRS(广濑)","DF40C-40DP-0.4V(51)","C424643","","https://www.lcsc.com/datasheet/C424643.pdf","1","","","",""
"D5","SP0504BAHTG","slate113:SOT-23-5_L3.0-W1.7-P0.95-LS2.8-BR","Littelfuse(美国力特)","SP0504BAHTG","C10675","","https://lcsc.com/product-detail/TVS_Littelfuse_SP0504BAHTG_SP0504BAHTG_C10675.html","1","","","",""
"D6","SP0504BAHTG","slate113:SOT-23-5_L3.0-W1.7-P0.95-LS2.8-BR","Littelfuse(美国力特)","SP0504BAHTG","C10675","","https://lcsc.com/product-detail/TVS_Littelfuse_SP0504BAHTG_SP0504BAHTG_C10675.html","1","","","",""
"D7","SMF5.0A_C151296","slate113:SOD-123F_L2.8-W1.8-LS3.7-RD","Littelfuse(美国力特)","SMF5.0A","C151296","","https://lcsc.com/product-detail/TVS_Littelfuse_SMF5-0A_Littelfuse-SMF5-0A_C151296.html","1","","","",""
"J6","395-016-520-202","slate113:395016520202","EDAC Inc.","395-016-520-202","","151-395-016-520-202-ND","https://files.edac.net/edac/content/series/og/English/EDAC%20345%20395%20Series%20Card%20Edge%20Connectors%20English%20Ordering%20Guide.pdf","1","","","",""
"R30","22Ω","Resistor_SMD:R_0603_1608Metric","Yageo","0603WAF220JT5E","C23345","","","1","","","",""
"R77","22Ω","Resistor_SMD:R_0603_1608Metric","Yageo","0603WAF220JT5E","C23345","","","1","","","",""
"R78","22Ω","Resistor_SMD:R_0603_1608Metric","Yageo","0603WAF220JT5E","C23345","","","1","","","",""
"R79","22Ω","Resistor_SMD:R_0603_1608Metric","Yageo","0603WAF220JT5E","C23345","","","1","","","",""
"R80","22Ω","Resistor_SMD:R_0603_1608Metric","Yageo","0603WAF220JT5E","C23345","","","1","","","",""
"R81","22Ω","Resistor_SMD:R_0603_1608Metric","Yageo","0603WAF220JT5E","C23345","","","1","","","",""
"R82","22Ω","Resistor_SMD:R_0603_1608Metric","Yageo","0603WAF220JT5E","C23345","","","1","","","",""
"R83","22Ω","Resistor_SMD:R_0603_1608Metric","Yageo","0603WAF220JT5E","C23345","","","1","","","",""
"R84","10kΩ","Resistor_SMD:R_0603_1608Metric","Bourns","CR0603-FX-1002ELF","C840630","","https://www.lcsc.com/product-detail/C840630.html","1","","","",""
"R85","100kΩ","Resistor_SMD:R_0603_1608Metric","Yageo","0603WAF1003T5E","C25803","","","1","","","",""
"R86","402kΩ","Resistor_SMD:R_0603_1608Metric","Yageo","0603WAF4023T5E","C23048","","","1","","","",""
"R87","100kΩ","Resistor_SMD:R_0603_1608Metric","Yageo","0603WAF1003T5E","C25803","","","1","","","",""
"R88","10kΩ","Resistor_SMD:R_0603_1608Metric","Bourns","CR0603-FX-1002ELF","C840630","","https://www.lcsc.com/product-detail/C840630.html","1","","","",""
"R89","3.3kΩ","Resistor_SMD:R_0603_1608Metric","Yageo","0603WAF3301T5E","C22978","","","1","","","",""
"R90","10kΩ","Resistor_SMD:R_0603_1608Metric","Bourns","CR0603-FX-1002ELF","C840630","","https://www.lcsc.com/product-detail/C840630.html","1","","","",""
"R91","100kΩ","Resistor_SMD:R_0603_1608Metric","Yageo","0603WAF1003T5E","C25803","","","1","","","",""
"R92","100kΩ","Resistor_SMD:R_0603_1608Metric","Yageo","0603WAF1003T5E","C25803","","","1","","","",""
"R93","402kΩ","Resistor_SMD:R_0603_1608Metric","Yageo","0603WAF4023T5E","C23048","","","1","","","",""
"R94","10kΩ","Resistor_SMD:R_0603_1608Metric","Bourns","CR0603-FX-1002ELF","C840630","","https://www.lcsc.com/product-detail/C840630.html","1","","","",""
"R95","3.3kΩ","Resistor_SMD:R_0603_1608Metric","Yageo","0603WAF3301T5E","C22978","","","1","","","",""
"R134","10kΩ","Resistor_SMD:R_0603_1608Metric","Bourns","CR0603-FX-1002ELF","C840630","","https://www.lcsc.com/product-detail/C840630.html","1","","","",""
"R135","10kΩ","Resistor_SMD:R_0603_1608Metric","Bourns","CR0603-FX-1002ELF","C840630","","https://www.lcsc.com/product-detail/C840630.html","1","","","",""
"R136","10kΩ","Resistor_SMD:R_0603_1608Metric","Bourns","CR0603-FX-1002ELF","C840630","","https://www.lcsc.com/product-detail/C840630.html","1","","","",""
"R137","10kΩ","Resistor_SMD:R_0603_1608Metric","Bourns","CR0603-FX-1002ELF","C840630","","https://www.lcsc.com/product-detail/C840630.html","1","","","",""
"R138","10kΩ","Resistor_SMD:R_0603_1608Metric","Bourns","CR0603-FX-1002ELF","C840630","","https://www.lcsc.com/product-detail/C840630.html","1","","","",""
"R139","10kΩ","Resistor_SMD:R_0603_1608Metric","Bourns","CR0603-FX-1002ELF","C840630","","https://www.lcsc.com/product-detail/C840630.html","1","","","",""
"R140","10kΩ","Resistor_SMD:R_0603_1608Metric","Bourns","CR0603-FX-1002ELF","C840630","","https://www.lcsc.com/product-detail/C840630.html","1","","","",""
"R141","10kΩ","Resistor_SMD:R_0603_1608Metric","Bourns","CR0603-FX-1002ELF","C840630","","https://www.lcsc.com/product-detail/C840630.html","1","","","",""
"U10","TS3A24159DGSR","slate113:MSOP-10_L3.0-W3.0-P0.50-LS5.0-BL","TI(德州仪器)","TS3A24159DGSR","C129329","","https://lcsc.com/product-detail/Analog-Switches_TI_TS3A24159DGSR_TS3A24159DGSR_C129329.html","1","","","",""
"U55","TCA9534APWR","slate113:TSSOP-16_L5.0-W4.4-P0.65-LS6.4-BL","TI(德州仪器)","TCA9534APWR","C206010","","https://lcsc.com/product-detail/I-O-Expansion_TI_TCA9534APWR_TCA9534APWR_C206010.html","1","","","",""
"U56","TS3A24159DGSR","slate113:MSOP-10_L3.0-W3.0-P0.50-LS5.0-BL","TI(德州仪器)","TS3A24159DGSR","C129329","","https://lcsc.com/product-detail/Analog-Switches_TI_TS3A24159DGSR_TS3A24159DGSR_C129329.html","1","","","",""
"U57","TS3A24159DGSR","slate113:MSOP-10_L3.0-W3.0-P0.50-LS5.0-BL","TI(德州仪器)","TS3A24159DGSR","C129329","","https://lcsc.com/product-detail/Analog-Switches_TI_TS3A24159DGSR_TS3A24159DGSR_C129329.html","1","","","",""
"U58","TS3A24159DGSR","slate113:MSOP-10_L3.0-W3.0-P0.50-LS5.0-BL","TI(德州仪器)","TS3A24159DGSR","C129329","","https://lcsc.com/product-detail/Analog-Switches_TI_TS3A24159DGSR_TS3A24159DGSR_C129329.html","1","","","",""
"U59","TPS259470ARPWR","slate113:VQFN-10_L2.0-W2.0-P0.45-TL","TI(德州仪器)","TPS259470ARPWR","C3662799","","https://www.lcsc.com/datasheet/C3662799.pdf","1","","","",""
"U60","TPS259470ARPWR","slate113:VQFN-10_L2.0-W2.0-P0.45-TL","TI(德州仪器)","TPS259470ARPWR","C3662799","","https://www.lcsc.com/datasheet/C3662799.pdf","1","","","",""
"U61","TCA9534APWR","slate113:TSSOP-16_L5.0-W4.4-P0.65-LS6.4-BL","TI(德州仪器)","TCA9534APWR","C206010","","https://lcsc.com/product-detail/I-O-Expansion_TI_TCA9534APWR_TCA9534APWR_C206010.html","1","","","",""
